"MARY",2.62
"PATRICIA",1.07
"LINDA",1.03
"BARBARA",0.98
"ELIZABETH",0.93
"JENNIFER",0.93
"MARIA",0.82
"SUSAN",0.79
"MARGARET",0.76
"DOROTHY",0.72
"LISA",0.70
"NANCY",0.66
"KAREN",0.66
"BETTY",0.66
"HELEN",0.66
"SANDRA",0.62
"DONNA",0.58
"CAROL",0.56
"RUTH",0.56
"SHARON",0.52
"MICHELLE",0.51
"LAURA",0.51
"SARAH",0.50
"KIMBERLY",0.50
"DEBORAH",0.49
"JESSICA",0.49
"SHIRLEY",0.48
"CYNTHIA",0.46
"ANGELA",0.46
"MELISSA",0.46
"BRENDA",0.45
"AMY",0.45
"ANNA",0.44
"REBECCA",0.43
"VIRGINIA",0.43
"KATHLEEN",0.42
"PAMELA",0.41
"MARTHA",0.41
"DEBRA",0.40
"AMANDA",0.40
"STEPHANIE",0.40
"CAROLYN",0.38
"CHRISTINE",0.38
"MARIE",0.37
"JANET",0.37
"CATHERINE",0.37
"FRANCES",0.37
"ANN",0.36
"JOYCE",0.36
"DIANE",0.35
"ALICE",0.35
"JULIE",0.34
"HEATHER",0.33
"TERESA",0.33
"DORIS",0.33
"GLORIA",0.33
"EVELYN",0.32
"JEAN",0.31
"CHERYL",0.31
"MILDRED",0.31
"KATHERINE",0.31
"JOAN",0.30
"ASHLEY",0.30
"JUDITH",0.29
"ROSE",0.29
"JANICE",0.28
"KELLY",0.28
"NICOLE",0.28
"JUDY",0.27
"CHRISTINA",0.27
"KATHY",0.27
"THERESA",0.27
"BEVERLY",0.26
"DENISE",0.26
"TAMMY",0.25
"IRENE",0.25
"JANE",0.25
"LORI",0.24
"RACHEL",0.24
"MARILYN",0.24
"ANDREA",0.23
"KATHRYN",0.23
"LOUISE",0.22
"SARA",0.22
"ANNE",0.22
"JACQUELINE",0.22
"WANDA",0.22
"BONNIE",0.22
"JULIA",0.22
"RUBY",0.22
"LOIS",0.22
"TINA",0.22
"PHYLLIS",0.21
"NORMA",0.21
"PAULA",0.21
"DIANA",0.21
"ANNIE",0.21
"LILLIAN",0.21
"EMILY",0.20
"ROBIN",0.20
"PEGGY",0.20
"CRYSTAL",0.20
"GLADYS",0.20
"RITA",0.20
"DAWN",0.20
"CONNIE",0.20
"FLORENCE",0.20
"TRACY",0.19
"EDNA",0.19
"TIFFANY",0.19
"CARMEN",0.19
"ROSA",0.19
"CINDY",0.19
"GRACE",0.18
"WENDY",0.18
"VICTORIA",0.18
"EDITH",0.17
"KIM",0.17
"SHERRY",0.17
"SYLVIA",0.17
"JOSEPHINE",0.17
"THELMA",0.17
"SHANNON",0.17
"SHEILA",0.17
"ETHEL",0.17
"ELLEN",0.17
"ELAINE",0.17
"MARJORIE",0.17
"CARRIE",0.17
"CHARLOTTE",0.16
"MONICA",0.16
"ESTHER",0.16
"PAULINE",0.16
"EMMA",0.16
"JUANITA",0.16
"ANITA",0.16
"RHONDA",0.16
"HAZEL",0.16
"AMBER",0.16
"EVA",0.15
"DEBBIE",0.15
"APRIL",0.15
"LESLIE",0.15
"CLARA",0.15
"LUCILLE",0.15
"JAMIE",0.15
"JOANNE",0.15
"ELEANOR",0.15
"VALERIE",0.14
"DANIELLE",0.14
"MEGAN",0.14
"ALICIA",0.14
"SUZANNE",0.14
"MICHELE",0.14
"GAIL",0.14
"BERTHA",0.14
"DARLENE",0.14
"VERONICA",0.14
"JILL",0.14
"ERIN",0.14
"GERALDINE",0.14
"LAUREN",0.13
"CATHY",0.13
"JOANN",0.13
"LORRAINE",0.13
"LYNN",0.13
"SALLY",0.13
"REGINA",0.13
"ERICA",0.13
"BEATRICE",0.13
"DOLORES",0.12
"BERNICE",0.12
"AUDREY",0.12
"YVONNE",0.12
"ANNETTE",0.12
"JUNE",0.12
"SAMANTHA",0.12
"MARION",0.12
"DANA",0.12
"STACY",0.12
"ANA",0.12
"RENEE",0.12
"IDA",0.11
"VIVIAN",0.11
"ROBERTA",0.11
"HOLLY",0.11
"BRITTANY",0.11
"MELANIE",0.11
"LORETTA",0.11
"YOLANDA",0.11
"JEANETTE",0.11
"LAURIE",0.11
"KATIE",0.11
"KRISTEN",0.11
"VANESSA",0.11
"ALMA",0.11
"SUE",0.11
"ELSIE",0.11
"BETH",0.11
"JEANNE",0.10
"VICKI",0.10
"CARLA",0.10
"TARA",0.10
"ROSEMARY",0.10
"EILEEN",0.10
"TERRI",0.10
"GERTRUDE",0.10
"LUCY",0.10
"TONYA",0.10
"ELLA",0.10
"STACEY",0.10
"WILMA",0.09
"GINA",0.09
"KRISTIN",0.09
"JESSIE",0.09
"NATALIE",0.09
"AGNES",0.09
"VERA",0.09
"WILLIE",0.09
"CHARLENE",0.09
"BESSIE",0.09
"DELORES",0.09
"MELINDA",0.09
"PEARL",0.09
"ARLENE",0.09
"MAUREEN",0.09
"COLLEEN",0.09
"ALLISON",0.09
"TAMARA",0.09
"JOY",0.09
"GEORGIA",0.09
"CONSTANCE",0.09
"LILLIE",0.09
"CLAUDIA",0.09
"JACKIE",0.09
"MARCIA",0.09
"TANYA",0.08
"NELLIE",0.08
"MINNIE",0.08
"MARLENE",0.08
"HEIDI",0.08
"GLENDA",0.08
"LYDIA",0.08
"VIOLA",0.08
"COURTNEY",0.08
"MARIAN",0.08
"STELLA",0.08
"CAROLINE",0.08
"DORA",0.08
"JO",0.08
"VICKIE",0.08
"MATTIE",0.08
"TERRY",0.08
"MAXINE",0.07
"IRMA",0.07
"MABEL",0.07
"MARSHA",0.07
"MYRTLE",0.07
"LENA",0.07
"CHRISTY",0.07
"DEANNA",0.07
"PATSY",0.07
"HILDA",0.07
"GWENDOLYN",0.07
"JENNIE",0.07
"NORA",0.07
"MARGIE",0.07
"NINA",0.07
"CASSANDRA",0.07
"LEAH",0.07
"PENNY",0.07
"KAY",0.07
"PRISCILLA",0.07
"NAOMI",0.07
"CAROLE",0.07
"BRANDY",0.07
"OLGA",0.07
"BILLIE",0.06
"DIANNE",0.06
"TRACEY",0.06
"LEONA",0.06
"JENNY",0.06
"FELICIA",0.06
"SONIA",0.06
"MIRIAM",0.06
"VELMA",0.06
"BECKY",0.06
"BOBBIE",0.06
"VIOLET",0.06
"KRISTINA",0.06
"TONI",0.06
"MISTY",0.06
"MAE",0.06
"SHELLY",0.06
"DAISY",0.06
"RAMONA",0.06
"SHERRI",0.06
"ERIKA",0.06
"KATRINA",0.06
"CLAIRE",0.06
"LINDSEY",0.06
"LINDSAY",0.06
"GENEVA",0.05
"GUADALUPE",0.05
"BELINDA",0.05
"MARGARITA",0.05
"SHERYL",0.05
"CORA",0.05
"FAYE",0.05
"ADA",0.05
"NATASHA",0.05
"SABRINA",0.05
"ISABEL",0.05
"MARGUERITE",0.05
"HATTIE",0.05
"HARRIET",0.05
"MOLLY",0.05
"CECILIA",0.05
"KRISTI",0.05
"BRANDI",0.05
"BLANCHE",0.05
"SANDY",0.05
"ROSIE",0.05
"JOANNA",0.05
"IRIS",0.05
"EUNICE",0.05
"ANGIE",0.05
"INEZ",0.05
"LYNDA",0.05
"MADELINE",0.05
"AMELIA",0.05
"ALBERTA",0.05
"GENEVIEVE",0.05
"MONIQUE",0.05
"JODI",0.05
"JANIE",0.05
"MAGGIE",0.05
"KAYLA",0.05
"SONYA",0.05
"JAN",0.05
"LEE",0.05
"KRISTINE",0.05
"CANDACE",0.05
"FANNIE",0.05
"MARYANN",0.05
"OPAL",0.05
"ALISON",0.05
"YVETTE",0.05
"MELODY",0.05
"LUZ",0.04
"SUSIE",0.04
"OLIVIA",0.04
"FLORA",0.04
"SHELLEY",0.04
"KRISTY",0.04
"MAMIE",0.04
"LULA",0.04
"LOLA",0.04
"VERNA",0.04
"BEULAH",0.04
"ANTOINETTE",0.04
"CANDICE",0.04
"JUANA",0.04
"JEANNETTE",0.04
"PAM",0.04
"KELLI",0.04
"HANNAH",0.04
"WHITNEY",0.04
"BRIDGET",0.04
"KARLA",0.04
"CELIA",0.04
"LATOYA",0.04
"PATTY",0.04
"SHELIA",0.04
"GAYLE",0.04
"DELLA",0.04
"VICKY",0.04
"LYNNE",0.04
"SHERI",0.04
"MARIANNE",0.04
"KARA",0.04
"JACQUELYN",0.04
"ERMA",0.04
"BLANCA",0.04
"MYRA",0.04
"LETICIA",0.04
"PAT",0.04
"KRISTA",0.04
"ROXANNE",0.04
"ANGELICA",0.03
"JOHNNIE",0.03
"ROBYN",0.03
"FRANCIS",0.03
"ADRIENNE",0.03
"ROSALIE",0.03
"ALEXANDRA",0.03
"BROOKE",0.03
"BETHANY",0.03
"SADIE",0.03
"BERNADETTE",0.03
"TRACI",0.03
"JODY",0.03
"KENDRA",0.03
"JASMINE",0.03
"NICHOLE",0.03
"RACHAEL",0.03
"CHELSEA",0.03
"MABLE",0.03
"ERNESTINE",0.03
"MURIEL",0.03
"MARCELLA",0.03
"ELENA",0.03
"KRYSTAL",0.03
"ANGELINA",0.03
"NADINE",0.03
"KARI",0.03
"ESTELLE",0.03
"DIANNA",0.03
"PAULETTE",0.03
"LORA",0.03
"MONA",0.03
"DOREEN",0.03
"ROSEMARIE",0.03
"ANGEL",0.03
"DESIREE",0.03
"ANTONIA",0.03
"HOPE",0.03
"GINGER",0.03
"JANIS",0.03
"BETSY",0.03
"CHRISTIE",0.03
"FREDA",0.03
"MERCEDES",0.03
"MEREDITH",0.03
"LYNETTE",0.03
"TERI",0.03
"CRISTINA",0.03
"EULA",0.03
"LEIGH",0.03
"MEGHAN",0.03
"SOPHIA",0.03
"ELOISE",0.03
"ROCHELLE",0.03
"GRETCHEN",0.03
"CECELIA",0.03
"RAQUEL",0.03
"HENRIETTA",0.03
"ALYSSA",0.03
"JANA",0.03
"KELLEY",0.03
"GWEN",0.03
"KERRY",0.03
"JENNA",0.03
"TRICIA",0.03
"LAVERNE",0.03
"OLIVE",0.03
"ALEXIS",0.03
"TASHA",0.03
"SILVIA",0.02
"ELVIRA",0.02
"CASEY",0.02
"DELIA",0.02
"SOPHIE",0.02
"KATE",0.02
"PATTI",0.02
"LORENA",0.02
"KELLIE",0.02
"SONJA",0.02
"LILA",0.02
"LANA",0.02
"DARLA",0.02
"MAY",0.02
"MINDY",0.02
"ESSIE",0.02
"MANDY",0.02
"LORENE",0.02
"ELSA",0.02
"JOSEFINA",0.02
"JEANNIE",0.02
"MIRANDA",0.02
"DIXIE",0.02
"LUCIA",0.02
"MARTA",0.02
"FAITH",0.02
"LELA",0.02
"JOHANNA",0.02
"SHARI",0.02
"CAMILLE",0.02
"TAMI",0.02
"SHAWNA",0.02
"ELISA",0.02
"EBONY",0.02
"MELBA",0.02
"ORA",0.02
"NETTIE",0.02
"TABITHA",0.02
"OLLIE",0.02
"JAIME",0.02
"WINIFRED",0.02
"KRISTIE",0.02
"MARINA",0.02
"ALISHA",0.02
"AIMEE",0.02
"RENA",0.02
"MYRNA",0.02
"MARLA",0.02
"TAMMIE",0.02
"LATASHA",0.02
"BONITA",0.02
"PATRICE",0.02
"RONDA",0.02
"SHERRIE",0.02
"ADDIE",0.02
"FRANCINE",0.02
"DELORIS",0.02
"STACIE",0.02
"ADRIANA",0.02
"CHERI",0.02
"SHELBY",0.02
"ABIGAIL",0.02
"CELESTE",0.02
"JEWEL",0.02
"CARA",0.02
"ADELE",0.02
"REBEKAH",0.02
"LUCINDA",0.02
"DORTHY",0.02
"CHRIS",0.02
"EFFIE",0.02
"TRINA",0.02
"REBA",0.02
"SHAWN",0.02
"SALLIE",0.02
"AURORA",0.02
"LENORA",0.02
"ETTA",0.02
"LOTTIE",0.02
"KERRI",0.02
"TRISHA",0.02
"NIKKI",0.02
"ESTELLA",0.02
"FRANCISCA",0.02
"JOSIE",0.02
"TRACIE",0.02
"MARISSA",0.02
"KARIN",0.02
"BRITTNEY",0.02
"JANELLE",0.02
"LOURDES",0.02
"LAUREL",0.02
"HELENE",0.02
"FERN",0.02
"ELVA",0.02
"CORINNE",0.02
"KELSEY",0.02
"INA",0.02
"BETTIE",0.02
"ELISABETH",0.02
"AIDA",0.02
"CAITLIN",0.02
"INGRID",0.02
"IVA",0.02
"EUGENIA",0.02
"CHRISTA",0.02
"GOLDIE",0.02
"CASSIE",0.02
"MAUDE",0.02
"JENIFER",0.02
"THERESE",0.02
"FRANKIE",0.02
"DENA",0.02
"LORNA",0.02
"JANETTE",0.02
"LATONYA",0.02
"CANDY",0.02
"MORGAN",0.02
"CONSUELO",0.02
"TAMIKA",0.02
"ROSETTA",0.02
"DEBORA",0.02
"CHERIE",0.02
"POLLY",0.02
"DINA",0.02
"JEWELL",0.02
"FAY",0.02
"JILLIAN",0.02
"DOROTHEA",0.02
"NELL",0.02
"TRUDY",0.02
"ESPERANZA",0.02
"PATRICA",0.02
"KIMBERLEY",0.02
"SHANNA",0.02
"HELENA",0.02
"CAROLINA",0.02
"CLEO",0.02
"STEFANIE",0.02
"ROSARIO",0.02
"OLA",0.02
"JANINE",0.02
"MOLLIE",0.02
"LUPE",0.02
"ALISA",0.02
"LOU",0.02
"MARIBEL",0.02
"SUSANNE",0.02
"BETTE",0.01
"SUSANA",0.01
"ELISE",0.01
"CECILE",0.01
"ISABELLE",0.01
"LESLEY",0.01
"JOCELYN",0.01
"PAIGE",0.01
"JONI",0.01
"RACHELLE",0.01
"LEOLA",0.01
"DAPHNE",0.01
"ALTA",0.01
"ESTER",0.01
"PETRA",0.01
"GRACIELA",0.01
"IMOGENE",0.01
"JOLENE",0.01
"KEISHA",0.01
"LACEY",0.01
"GLENNA",0.01
"GABRIELA",0.01
"KERI",0.01
"URSULA",0.01
"LIZZIE",0.01
"KIRSTEN",0.01
"SHANA",0.01
"ADELINE",0.01
"MAYRA",0.01
"JAYNE",0.01
"JACLYN",0.01
"GRACIE",0.01
"SONDRA",0.01
"CARMELA",0.01
"MARISA",0.01
"ROSALIND",0.01
"CHARITY",0.01
"TONIA",0.01
"BEATRIZ",0.01
"MARISOL",0.01
"CLARICE",0.01
"JEANINE",0.01
"SHEENA",0.01
"ANGELINE",0.01
"FRIEDA",0.01
"LILY",0.01
"ROBBIE",0.01
"SHAUNA",0.01
"MILLIE",0.01
"CLAUDETTE",0.01
"CATHLEEN",0.01
"ANGELIA",0.01
"GABRIELLE",0.01
"AUTUMN",0.01
"KATHARINE",0.01
"SUMMER",0.01
"JODIE",0.01
"STACI",0.01
"LEA",0.01
"CHRISTI",0.01
"JIMMIE",0.01
"JUSTINE",0.01
"ELMA",0.01
"LUELLA",0.01
"MARGRET",0.01
"DOMINIQUE",0.01
"SOCORRO",0.01
"RENE",0.01
"MARTINA",0.01
"MARGO",0.01
"MAVIS",0.01
"CALLIE",0.01
"BOBBI",0.01
"MARITZA",0.01
"LUCILE",0.01
"LEANNE",0.01
"JEANNINE",0.01
"DEANA",0.01
"AILEEN",0.01
"LORIE",0.01
"LADONNA",0.01
"WILLA",0.01
"MANUELA",0.01
"GALE",0.01
"SELMA",0.01
"DOLLY",0.01
"SYBIL",0.01
"ABBY",0.01
"LARA",0.01
"DALE",0.01
"IVY",0.01
"DEE",0.01
"WINNIE",0.01
"MARCY",0.01
"LUISA",0.01
"JERI",0.01
"MAGDALENA",0.01
"OFELIA",0.01
"MEAGAN",0.01
"AUDRA",0.01
"MATILDA",0.01
"LEILA",0.01
"CORNELIA",0.01
"BIANCA",0.01
"SIMONE",0.01
"BETTYE",0.01
"RANDI",0.01
"VIRGIE",0.01
"LATISHA",0.01
"BARBRA",0.01
"GEORGINA",0.01
"ELIZA",0.01
"LEANN",0.01
"BRIDGETTE",0.01
"RHODA",0.01
"HALEY",0.01
"ADELA",0.01
"NOLA",0.01
"BERNADINE",0.01
"FLOSSIE",0.01
"ILA",0.01
"GRETA",0.01
"RUTHIE",0.01
"NELDA",0.01
"MINERVA",0.01
"LILLY",0.01
"TERRIE",0.01
"LETHA",0.01
"HILARY",0.01
"ESTELA",0.01
"VALARIE",0.01
"BRIANNA",0.01
"ROSALYN",0.01
"EARLINE",0.01
"CATALINA",0.01
"AVA",0.01
"MIA",0.01
"CLARISSA",0.01
"LIDIA",0.01
"CORRINE",0.01
"ALEXANDRIA",0.01
"CONCEPCION",0.01
"TIA",0.01
"SHARRON",0.01
"RAE",0.01
"DONA",0.01
"ERICKA",0.01
"JAMI",0.01
"ELNORA",0.01
"CHANDRA",0.01
"LENORE",0.01
"NEVA",0.01
"MARYLOU",0.01
"MELISA",0.01
"TABATHA",0.01
"SERENA",0.01
"AVIS",0.01
"ALLIE",0.01
"SOFIA",0.01
"JEANIE",0.01
"ODESSA",0.01
"NANNIE",0.01
"HARRIETT",0.01
"LORAINE",0.01
"PENELOPE",0.01
"MILAGROS",0.01
"EMILIA",0.01
"BENITA",0.01
"ALLYSON",0.01
"ASHLEE",0.01
"TANIA",0.01
"TOMMIE",0.01
"ESMERALDA",0.01
"KARINA",0.01
"EVE",0.01
"PEARLIE",0.01
"ZELMA",0.01
"MALINDA",0.01
"NOREEN",0.01
"TAMEKA",0.01
"SAUNDRA",0.01
"HILLARY",0.01
"AMIE",0.01
"ALTHEA",0.01
"ROSALINDA",0.01
"JORDAN",0.01
"LILIA",0.01
"ALANA",0.01
"GAY",0.01
"CLARE",0.01
"ALEJANDRA",0.01
"ELINOR",0.01
"MICHAEL",0.01
"LORRIE",0.01
"JERRI",0.01
"DARCY",0.01
"EARNESTINE",0.01
"CARMELLA",0.01
"TAYLOR",0.01
"NOEMI",0.01
"MARCIE",0.01
"LIZA",0.01
"ANNABELLE",0.01
"LOUISA",0.01
"EARLENE",0.01
"MALLORY",0.01
"CARLENE",0.01
"NITA",0.01
"SELENA",0.01
"TANISHA",0.01
"KATY",0.01
"JULIANNE",0.01
"JOHN",0.01
"LAKISHA",0.01
"EDWINA",0.01
"MARICELA",0.01
"MARGERY",0.01
"KENYA",0.01
"DOLLIE",0.01
"ROXIE",0.01
"ROSLYN",0.01
"KATHRINE",0.01
"NANETTE",0.01
"CHARMAINE",0.01
"LAVONNE",0.01
"ILENE",0.01
"KRIS",0.01
"TAMMI",0.01
"SUZETTE",0.01
"CORINE",0.01
"KAYE",0.01
"JERRY",0.01
"MERLE",0.01
"CHRYSTAL",0.01
"LINA",0.01
"DEANNE",0.01
"LILIAN",0.01
"JULIANA",0.01
"ALINE",0.01
"LUANN",0.01
"KASEY",0.01
"MARYANNE",0.01
"EVANGELINE",0.01
"COLETTE",0.01
"MELVA",0.01
"LAWANDA",0.01
"YESENIA",0.01
"NADIA",0.01
"MADGE",0.01
"KATHIE",0.01
"EDDIE",0.01
"OPHELIA",0.01
"VALERIA",0.01
"NONA",0.01
"MITZI",0.01
"MARI",0.01
"GEORGETTE",0.01
"CLAUDINE",0.01
"FRAN",0.01
"ALISSA",0.01
"ROSEANN",0.01
"LAKEISHA",0.01
"SUSANNA",0.01
"REVA",0.01
"DEIDRE",0.01
"CHASITY",0.01
"SHEREE",0.01
"CARLY",0.01
"JAMES",0.01
"ELVIA",0.01
"ALYCE",0.01
"DEIRDRE",0.01
"GENA",0.01
"BRIANA",0.01
"ARACELI",0.01
"KATELYN",0.01
"ROSANNE",0.01
"WENDI",0.01
"TESSA",0.01
"BERTA",0.01
"MARVA",0.01
"IMELDA",0.01
"MARIETTA",0.01
"MARCI",0.01
"LEONOR",0.01
"ARLINE",0.01
"SASHA",0.01
"MADELYN",0.01
"JANNA",0.01
"JULIETTE",0.01
"DEENA",0.01
"AURELIA",0.01
"JOSEFA",0.01
"AUGUSTA",0.01
"LILIANA",0.01
"YOUNG",0.01
"CHRISTIAN",0.01
"LESSIE",0.01
"AMALIA",0.01
"SAVANNAH",0.01
"ANASTASIA",0.01
"VILMA",0.01
"NATALIA",0.01
"ROSELLA",0.01
"LYNNETTE",0.01
"CORINA",0.01
"ALFREDA",9.0e-03
"LEANNA",9.0e-03
"CAREY",9.0e-03
"AMPARO",9.0e-03
"COLEEN",9.0e-03
"TAMRA",9.0e-03
"AISHA",9.0e-03
"WILDA",9.0e-03
"KARYN",9.0e-03
"CHERRY",9.0e-03
"QUEEN",9.0e-03
"MAURA",9.0e-03
"MAI",9.0e-03
"EVANGELINA",9.0e-03
"ROSANNA",9.0e-03
"HALLIE",9.0e-03
"ERNA",9.0e-03
"ENID",9.0e-03
"MARIANA",9.0e-03
"LACY",9.0e-03
"JULIET",9.0e-03
"JACKLYN",9.0e-03
"FREIDA",9.0e-03
"MADELEINE",9.0e-03
"MARA",9.0e-03
"HESTER",9.0e-03
"CATHRYN",9.0e-03
"LELIA",9.0e-03
"CASANDRA",9.0e-03
"BRIDGETT",9.0e-03
"ANGELITA",9.0e-03
"JANNIE",9.0e-03
"DIONNE",9.0e-03
"ANNMARIE",9.0e-03
"KATINA",9.0e-03
"BERYL",9.0e-03
"PHOEBE",9.0e-03
"MILLICENT",9.0e-03
"KATHERYN",9.0e-03
"DIANN",9.0e-03
"CARISSA",9.0e-03
"MARYELLEN",9.0e-03
"LIZ",9.0e-03
"LAURI",9.0e-03
"HELGA",9.0e-03
"GILDA",9.0e-03
"ADRIAN",9.0e-03
"RHEA",9.0e-03
"MARQUITA",9.0e-03
"HOLLIE",9.0e-03
"TISHA",9.0e-03
"TAMERA",9.0e-03
"ANGELIQUE",9.0e-03
"FRANCESCA",9.0e-03
"BRITNEY",9.0e-03
"KAITLIN",9.0e-03
"LOLITA",9.0e-03
"FLORINE",9.0e-03
"ROWENA",9.0e-03
"REYNA",9.0e-03
"TWILA",9.0e-03
"FANNY",9.0e-03
"JANELL",9.0e-03
"INES",9.0e-03
"CONCETTA",9.0e-03
"BERTIE",9.0e-03
"ALBA",9.0e-03
"BRIGITTE",9.0e-03
"ALYSON",9.0e-03
"VONDA",8.0e-03
"PANSY",8.0e-03
"ELBA",8.0e-03
"NOELLE",8.0e-03
"LETITIA",8.0e-03
"KITTY",8.0e-03
"DEANN",8.0e-03
"BRANDIE",8.0e-03
"LOUELLA",8.0e-03
"LETA",8.0e-03
"FELECIA",8.0e-03
"SHARLENE",8.0e-03
"LESA",8.0e-03
"BEVERLEY",8.0e-03
"ROBERT",8.0e-03
"ISABELLA",8.0e-03
"HERMINIA",8.0e-03
"TERRA",8.0e-03
"CELINA",8.0e-03
"TORI",8.0e-03
"OCTAVIA",8.0e-03
"JADE",8.0e-03
"DENICE",8.0e-03
"GERMAINE",8.0e-03
"SIERRA",8.0e-03
"MICHELL",8.0e-03
"CORTNEY",8.0e-03
"NELLY",8.0e-03
"DORETHA",8.0e-03
"SYDNEY",8.0e-03
"DEIDRA",8.0e-03
"MONIKA",8.0e-03
"LASHONDA",8.0e-03
"JUDI",8.0e-03
"CHELSEY",8.0e-03
"ANTIONETTE",8.0e-03
"MARGOT",8.0e-03
"BOBBY",8.0e-03
"ADELAIDE",8.0e-03
"NAN",8.0e-03
"LEEANN",8.0e-03
"ELISHA",8.0e-03
"DESSIE",8.0e-03
"LIBBY",8.0e-03
"KATHI",8.0e-03
"GAYLA",8.0e-03
"LATANYA",8.0e-03
"MINA",8.0e-03
"MELLISA",8.0e-03
"KIMBERLEE",8.0e-03
"JASMIN",8.0e-03
"RENAE",8.0e-03
"ZELDA",8.0e-03
"ELDA",8.0e-03
"MA",8.0e-03
"JUSTINA",8.0e-03
"GUSSIE",8.0e-03
"EMILIE",8.0e-03
"CAMILLA",8.0e-03
"ABBIE",8.0e-03
"ROCIO",8.0e-03
"KAITLYN",8.0e-03
"JESSE",8.0e-03
"EDYTHE",8.0e-03
"ASHLEIGH",8.0e-03
"SELINA",8.0e-03
"LAKESHA",8.0e-03
"GERI",8.0e-03
"ALLENE",8.0e-03
"PAMALA",8.0e-03
"MICHAELA",8.0e-03
"DAYNA",8.0e-03
"CARYN",8.0e-03
"ROSALIA",8.0e-03
"SUN",7.0e-03
"JACQULINE",7.0e-03
"REBECA",7.0e-03
"MARYBETH",7.0e-03
"KRYSTLE",7.0e-03
"IOLA",7.0e-03
"DOTTIE",7.0e-03
"BENNIE",7.0e-03
"BELLE",7.0e-03
"AUBREY",7.0e-03
"GRISELDA",7.0e-03
"ERNESTINA",7.0e-03
"ELIDA",7.0e-03
"ADRIANNE",7.0e-03
"DEMETRIA",7.0e-03
"DELMA",7.0e-03
"CHONG",7.0e-03
"JAQUELINE",7.0e-03
"DESTINY",7.0e-03
"ARLEEN",7.0e-03
"VIRGINA",7.0e-03
"RETHA",7.0e-03
"FATIMA",7.0e-03
"TILLIE",7.0e-03
"ELEANORE",7.0e-03
"CARI",7.0e-03
"TREVA",7.0e-03
"BIRDIE",7.0e-03
"WILHELMINA",7.0e-03
"ROSALEE",7.0e-03
"MAURINE",7.0e-03
"LATRICE",7.0e-03
"YONG",7.0e-03
"JENA",7.0e-03
"TARYN",7.0e-03
"ELIA",7.0e-03
"DEBBY",7.0e-03
"MAUDIE",7.0e-03
"JEANNA",7.0e-03
"DELILAH",7.0e-03
"CATRINA",7.0e-03
"SHONDA",7.0e-03
"HORTENCIA",7.0e-03
"THEODORA",7.0e-03
"TERESITA",7.0e-03
"ROBBIN",7.0e-03
"DANETTE",7.0e-03
"MARYJANE",7.0e-03
"FREDDIE",7.0e-03
"DELPHINE",7.0e-03
"BRIANNE",7.0e-03
"NILDA",7.0e-03
"DANNA",7.0e-03
"CINDI",7.0e-03
"BESS",7.0e-03
"IONA",7.0e-03
"HANNA",7.0e-03
"ARIEL",7.0e-03
"WINONA",7.0e-03
"VIDA",7.0e-03
"ROSITA",7.0e-03
"MARIANNA",7.0e-03
"WILLIAM",7.0e-03
"RACHEAL",7.0e-03
"GUILLERMINA",7.0e-03
"ELOISA",7.0e-03
"CELESTINE",7.0e-03
"CAREN",7.0e-03
"MALISSA",7.0e-03
"LONA",7.0e-03
"CHANTEL",7.0e-03
"SHELLIE",7.0e-03
"MARISELA",7.0e-03
"LEORA",7.0e-03
"AGATHA",7.0e-03
"SOLEDAD",7.0e-03
"MIGDALIA",7.0e-03
"IVETTE",7.0e-03
"CHRISTEN",7.0e-03
"ATHENA",7.0e-03
"JANEL",7.0e-03
"CHLOE",7.0e-03
"VEDA",7.0e-03
"PATTIE",7.0e-03
"TESSIE",7.0e-03
"TERA",7.0e-03
"MARILYNN",7.0e-03
"LUCRETIA",7.0e-03
"KARRIE",7.0e-03
"DINAH",7.0e-03
"DANIELA",7.0e-03
"ALECIA",7.0e-03
"ADELINA",7.0e-03
"VERNICE",7.0e-03
"SHIELA",7.0e-03
"PORTIA",7.0e-03
"MERRY",7.0e-03
"LASHAWN",7.0e-03
"DEVON",7.0e-03
"DARA",7.0e-03
"TAWANA",7.0e-03
"OMA",7.0e-03
"VERDA",7.0e-03
"CHRISTIN",7.0e-03
"ALENE",7.0e-03
"ZELLA",6.0e-03
"SANDI",6.0e-03
"RAFAELA",6.0e-03
"MAYA",6.0e-03
"KIRA",6.0e-03
"CANDIDA",6.0e-03
"ALVINA",6.0e-03
"SUZAN",6.0e-03
"SHAYLA",6.0e-03
"LYN",6.0e-03
"LETTIE",6.0e-03
"ALVA",6.0e-03
"SAMATHA",6.0e-03
"ORALIA",6.0e-03
"MATILDE",6.0e-03
"MADONNA",6.0e-03
"LARISSA",6.0e-03
"VESTA",6.0e-03
"RENITA",6.0e-03
"INDIA",6.0e-03
"DELOIS",6.0e-03
"SHANDA",6.0e-03
"PHILLIS",6.0e-03
"LORRI",6.0e-03
"ERLINDA",6.0e-03
"CRUZ",6.0e-03
"CATHRINE",6.0e-03
"BARB",6.0e-03
"ZOE",6.0e-03
"ISABELL",6.0e-03
"IONE",6.0e-03
"GISELA",6.0e-03
"CHARLIE",6.0e-03
"VALENCIA",6.0e-03
"ROXANNA",6.0e-03
"MAYME",6.0e-03
"KISHA",6.0e-03
"ELLIE",6.0e-03
"MELLISSA",6.0e-03
"DORRIS",6.0e-03
"DALIA",6.0e-03
"BELLA",6.0e-03
"ANNETTA",6.0e-03
"ZOILA",6.0e-03
"RETA",6.0e-03
"REINA",6.0e-03
"LAURETTA",6.0e-03
"KYLIE",6.0e-03
"CHRISTAL",6.0e-03
"PILAR",6.0e-03
"CHARLA",6.0e-03
"ELISSA",6.0e-03
"TIFFANI",6.0e-03
"TANA",6.0e-03
"PAULINA",6.0e-03
"LEOTA",6.0e-03
"BREANNA",6.0e-03
"JAYME",6.0e-03
"CARMEL",6.0e-03
"VERNELL",6.0e-03
"TOMASA",6.0e-03
"MANDI",6.0e-03
"DOMINGA",6.0e-03
"SANTA",6.0e-03
"MELODIE",6.0e-03
"LURA",6.0e-03
"ALEXA",6.0e-03
"TAMELA",6.0e-03
"RYAN",6.0e-03
"MIRNA",6.0e-03
"KERRIE",6.0e-03
"VENUS",6.0e-03
"NOEL",6.0e-03
"FELICITA",6.0e-03
"CRISTY",6.0e-03
"CARMELITA",6.0e-03
"BERNIECE",6.0e-03
"ANNEMARIE",6.0e-03
"TIARA",6.0e-03
"ROSEANNE",6.0e-03
"MISSY",6.0e-03
"CORI",6.0e-03
"ROXANA",6.0e-03
"PRICILLA",6.0e-03
"KRISTAL",6.0e-03
"JUNG",6.0e-03
"ELYSE",6.0e-03
"HAYDEE",6.0e-03
"ALETHA",6.0e-03
"BETTINA",6.0e-03
"MARGE",6.0e-03
"GILLIAN",6.0e-03
"FILOMENA",6.0e-03
"CHARLES",6.0e-03
"ZENAIDA",6.0e-03
"HARRIETTE",6.0e-03
"CARIDAD",6.0e-03
"VADA",6.0e-03
"UNA",6.0e-03
"ARETHA",6.0e-03
"PEARLINE",6.0e-03
"MARJORY",6.0e-03
"MARCELA",6.0e-03
"FLOR",6.0e-03
"EVETTE",6.0e-03
"ELOUISE",6.0e-03
"ALINA",6.0e-03
"TRINIDAD",6.0e-03
"DAVID",6.0e-03
"DAMARIS",6.0e-03
"CATHARINE",6.0e-03
"CARROLL",6.0e-03
"BELVA",6.0e-03
"NAKIA",5.0e-03
"MARLENA",5.0e-03
"LUANNE",5.0e-03
"LORINE",5.0e-03
"KARON",5.0e-03
"DORENE",5.0e-03
"DANITA",5.0e-03
"BRENNA",5.0e-03
"TATIANA",5.0e-03
"SAMMIE",5.0e-03
"LOUANN",5.0e-03
"LOREN",5.0e-03
"JULIANNA",5.0e-03
"ANDRIA",5.0e-03
"PHILOMENA",5.0e-03
"LUCILA",5.0e-03
"LEONORA",5.0e-03
"DOVIE",5.0e-03
"ROMONA",5.0e-03
"MIMI",5.0e-03
"JACQUELIN",5.0e-03
"GAYE",5.0e-03
"TONJA",5.0e-03
"MISTI",5.0e-03
"JOE",5.0e-03
"GENE",5.0e-03
"CHASTITY",5.0e-03
"STACIA",5.0e-03
"ROXANN",5.0e-03
"MICAELA",5.0e-03
"NIKITA",5.0e-03
"MEI",5.0e-03
"VELDA",5.0e-03
"MARLYS",5.0e-03
"JOHNNA",5.0e-03
"AURA",5.0e-03
"LAVERN",5.0e-03
"IVONNE",5.0e-03
"HAYLEY",5.0e-03
"NICKI",5.0e-03
"MAJORIE",5.0e-03
"HERLINDA",5.0e-03
"GEORGE",5.0e-03
"ALPHA",5.0e-03
"YADIRA",5.0e-03
"PERLA",5.0e-03
"GREGORIA",5.0e-03
"DANIEL",5.0e-03
"ANTONETTE",5.0e-03
"SHELLI",5.0e-03
"MOZELLE",5.0e-03
"MARIAH",5.0e-03
"JOELLE",5.0e-03
"CORDELIA",5.0e-03
"JOSETTE",5.0e-03
"CHIQUITA",5.0e-03
"TRISTA",5.0e-03
"LOUIS",5.0e-03
"LAQUITA",5.0e-03
"GEORGIANA",5.0e-03
"CANDI",5.0e-03
"SHANON",5.0e-03
"LONNIE",5.0e-03
"HILDEGARD",5.0e-03
"CECIL",5.0e-03
"VALENTINA",5.0e-03
"STEPHANY",5.0e-03
"MAGDA",5.0e-03
"KAROL",5.0e-03
"GERRY",5.0e-03
"GABRIELLA",5.0e-03
"TIANA",5.0e-03
"ROMA",5.0e-03
"RICHELLE",5.0e-03
"RAY",5.0e-03
"PRINCESS",5.0e-03
"OLETA",5.0e-03
"JACQUE",5.0e-03
"IDELLA",5.0e-03
"ALAINA",5.0e-03
"SUZANNA",5.0e-03
"JOVITA",5.0e-03
"BLAIR",5.0e-03
"TOSHA",5.0e-03
"RAVEN",5.0e-03
"NEREIDA",5.0e-03
"MARLYN",5.0e-03
"KYLA",5.0e-03
"JOSEPH",5.0e-03
"DELFINA",5.0e-03
"TENA",5.0e-03
"STEPHENIE",5.0e-03
"SABINA",5.0e-03
"NATHALIE",5.0e-03
"MARCELLE",5.0e-03
"GERTIE",5.0e-03
"DARLEEN",5.0e-03
"THEA",5.0e-03
"SHARONDA",5.0e-03
"SHANTEL",5.0e-03
"BELEN",5.0e-03
"VENESSA",5.0e-03
"ROSALINA",5.0e-03
"ONA",5.0e-03
"GENOVEVA",5.0e-03
"COREY",5.0e-03
"CLEMENTINE",5.0e-03
"ROSALBA",5.0e-03
"RENATE",5.0e-03
"RENATA",5.0e-03
"MI",5.0e-03
"IVORY",5.0e-03
"GEORGIANNA",5.0e-03
"FLOY",5.0e-03
"DORCAS",5.0e-03
"ARIANA",5.0e-03
"TYRA",5.0e-03
"THEDA",5.0e-03
"MARIAM",5.0e-03
"JULI",5.0e-03
"JESICA",5.0e-03
"DONNIE",5.0e-03
"VIKKI",5.0e-03
"VERLA",5.0e-03
"ROSELYN",5.0e-03
"MELVINA",5.0e-03
"JANNETTE",5.0e-03
"GINNY",5.0e-03
"DEBRAH",5.0e-03
"CORRIE",5.0e-03
"ASIA",5.0e-03
"VIOLETA",5.0e-03
"MYRTIS",5.0e-03
"LATRICIA",5.0e-03
"COLLETTE",5.0e-03
"CHARLEEN",5.0e-03
"ANISSA",5.0e-03
"VIVIANA",5.0e-03
"TWYLA",5.0e-03
"PRECIOUS",5.0e-03
"NEDRA",5.0e-03
"LATONIA",5.0e-03
"LAN",5.0e-03
"HELLEN",5.0e-03
"FABIOLA",5.0e-03
"ANNAMARIE",5.0e-03
"ADELL",5.0e-03
"SHARYN",5.0e-03
"CHANTAL",5.0e-03
"NIKI",5.0e-03
"MAUD",5.0e-03
"LIZETTE",5.0e-03
"LINDY",5.0e-03
"KIA",5.0e-03
"KESHA",5.0e-03
"JEANA",5.0e-03
"DANELLE",5.0e-03
"CHARLINE",5.0e-03
"CHANEL",5.0e-03
"CARROL",5.0e-03
"VALORIE",5.0e-03
"LIA",5.0e-03
"DORTHA",5.0e-03
"CRISTAL",5.0e-03
"SUNNY",5.0e-03
"LEONE",5.0e-03
"LEILANI",5.0e-03
"GERRI",5.0e-03
"DEBI",5.0e-03
"ANDRA",5.0e-03
"KESHIA",5.0e-03
"IMA",5.0e-03
"EULALIA",5.0e-03
"EASTER",5.0e-03
"DULCE",5.0e-03
"NATIVIDAD",4.0e-03
"LINNIE",4.0e-03
"KAMI",4.0e-03
"GEORGIE",4.0e-03
"CATINA",4.0e-03
"BROOK",4.0e-03
"ALDA",4.0e-03
"WINNIFRED",4.0e-03
"SHARLA",4.0e-03
"RUTHANN",4.0e-03
"MEAGHAN",4.0e-03
"MAGDALENE",4.0e-03
"LISSETTE",4.0e-03
"ADELAIDA",4.0e-03
"VENITA",4.0e-03
"TRENA",4.0e-03
"SHIRLENE",4.0e-03
"SHAMEKA",4.0e-03
"ELIZEBETH",4.0e-03
"DIAN",4.0e-03
"SHANTA",4.0e-03
"MICKEY",4.0e-03
"LATOSHA",4.0e-03
"CARLOTTA",4.0e-03
"WINDY",4.0e-03
"SOON",4.0e-03
"ROSINA",4.0e-03
"MARIANN",4.0e-03
"LEISA",4.0e-03
"JONNIE",4.0e-03
"DAWNA",4.0e-03
"CATHIE",4.0e-03
"BILLY",4.0e-03
"ASTRID",4.0e-03
"SIDNEY",4.0e-03
"LAUREEN",4.0e-03
"JANEEN",4.0e-03
"HOLLI",4.0e-03
"FAWN",4.0e-03
"VICKEY",4.0e-03
"TERESSA",4.0e-03
"SHANTE",4.0e-03
"RUBYE",4.0e-03
"MARCELINA",4.0e-03
"CHANDA",4.0e-03
"CARY",4.0e-03
"TERESE",4.0e-03
"SCARLETT",4.0e-03
"MARTY",4.0e-03
"MARNIE",4.0e-03
"LULU",4.0e-03
"LISETTE",4.0e-03
"JENIFFER",4.0e-03
"ELENOR",4.0e-03
"DORINDA",4.0e-03
"DONITA",4.0e-03
"CARMAN",4.0e-03
"BERNITA",4.0e-03
"ALTAGRACIA",4.0e-03
"ALETA",4.0e-03
"ADRIANNA",4.0e-03
"ZORAIDA",4.0e-03
"RONNIE",4.0e-03
"NICOLA",4.0e-03
"LYNDSEY",4.0e-03
"KENDALL",4.0e-03
"JANINA",4.0e-03
"CHRISSY",4.0e-03
"AMI",4.0e-03
"STARLA",4.0e-03
"PHYLIS",4.0e-03
"PHUONG",4.0e-03
"KYRA",4.0e-03
"CHARISSE",4.0e-03
"BLANCH",4.0e-03
"SANJUANITA",4.0e-03
"RONA",4.0e-03
"NANCI",4.0e-03
"MARILEE",4.0e-03
"MARANDA",4.0e-03
"CORY",4.0e-03
"BRIGETTE",4.0e-03
"SANJUANA",4.0e-03
"MARITA",4.0e-03
"KASSANDRA",4.0e-03
"JOYCELYN",4.0e-03
"IRA",4.0e-03
"FELIPA",4.0e-03
"CHELSIE",4.0e-03
"BONNY",4.0e-03
"MIREYA",4.0e-03
"LORENZA",4.0e-03
"KYONG",4.0e-03
"ILEANA",4.0e-03
"CANDELARIA",4.0e-03
"TONY",4.0e-03
"TOBY",4.0e-03
"SHERIE",4.0e-03
"OK",4.0e-03
"MARK",4.0e-03
"LUCIE",4.0e-03
"LEATRICE",4.0e-03
"LAKESHIA",4.0e-03
"GERDA",4.0e-03
"EDIE",4.0e-03
"BAMBI",4.0e-03
"MARYLIN",4.0e-03
"LAVON",4.0e-03
"HORTENSE",4.0e-03
"GARNET",4.0e-03
"EVIE",4.0e-03
"TRESSA",4.0e-03
"SHAYNA",4.0e-03
"LAVINA",4.0e-03
"KYUNG",4.0e-03
"JEANETTA",4.0e-03
"SHERRILL",4.0e-03
"SHARA",4.0e-03
"PHYLISS",4.0e-03
"MITTIE",4.0e-03
"ANABEL",4.0e-03
"ALESIA",4.0e-03
"THUY",4.0e-03
"TAWANDA",4.0e-03
"RICHARD",4.0e-03
"JOANIE",4.0e-03
"TIFFANIE",4.0e-03
"LASHANDA",4.0e-03
"KARISSA",4.0e-03
"ENRIQUETA",4.0e-03
"DARIA",4.0e-03
"DANIELLA",4.0e-03
"CORINNA",4.0e-03
"ALANNA",4.0e-03
"ABBEY",4.0e-03
"ROXANE",4.0e-03
"ROSEANNA",4.0e-03
"MAGNOLIA",4.0e-03
"LIDA",4.0e-03
"KYLE",4.0e-03
"JOELLEN",4.0e-03
"ERA",4.0e-03
"CORAL",4.0e-03
"CARLEEN",4.0e-03
"TRESA",4.0e-03
"PEGGIE",4.0e-03
"NOVELLA",4.0e-03
"NILA",4.0e-03
"MAYBELLE",4.0e-03
"JENELLE",4.0e-03
"CARINA",4.0e-03
"NOVA",4.0e-03
"MELINA",4.0e-03
"MARQUERITE",4.0e-03
"MARGARETTE",4.0e-03
"JOSEPHINA",4.0e-03
"EVONNE",4.0e-03
"DEVIN",4.0e-03
"CINTHIA",4.0e-03
"ALBINA",4.0e-03
"TOYA",4.0e-03
"TAWNYA",4.0e-03
"SHERITA",4.0e-03
"SANTOS",4.0e-03
"MYRIAM",4.0e-03
"LIZABETH",4.0e-03
"LISE",4.0e-03
"KEELY",4.0e-03
"JENNI",4.0e-03
"GISELLE",4.0e-03
"CHERYLE",4.0e-03
"ARDITH",4.0e-03
"ARDIS",4.0e-03
"ALESHA",4.0e-03
"ADRIANE",4.0e-03
"SHAINA",4.0e-03
"LINNEA",4.0e-03
"KAROLYN",4.0e-03
"HONG",4.0e-03
"FLORIDA",4.0e-03
"FELISHA",4.0e-03
"DORI",4.0e-03
"DARCI",4.0e-03
"ARTIE",4.0e-03
"ARMIDA",4.0e-03
"ZOLA",4.0e-03
"XIOMARA",4.0e-03
"VERGIE",4.0e-03
"SHAMIKA",4.0e-03
"NENA",4.0e-03
"NANNETTE",4.0e-03
"MAXIE",4.0e-03
"LOVIE",4.0e-03
"JEANE",4.0e-03
"JAIMIE",4.0e-03
"INGE",4.0e-03
"FARRAH",4.0e-03
"ELAINA",4.0e-03
"CAITLYN",4.0e-03
"STARR",4.0e-03
"FELICITAS",4.0e-03
"CHERLY",4.0e-03
"CARYL",4.0e-03
"YOLONDA",4.0e-03
"YASMIN",4.0e-03
"TEENA",4.0e-03
"PRUDENCE",4.0e-03
"PENNIE",4.0e-03
"NYDIA",4.0e-03
"MACKENZIE",4.0e-03
"ORPHA",4.0e-03
"MARVEL",4.0e-03
"LIZBETH",4.0e-03
"LAURETTE",4.0e-03
"JERRIE",4.0e-03
"HERMELINDA",4.0e-03
"CAROLEE",4.0e-03
"TIERRA",4.0e-03
"MIRIAN",4.0e-03
"META",4.0e-03
"MELONY",4.0e-03
"KORI",4.0e-03
"JENNETTE",4.0e-03
"JAMILA",4.0e-03
"ENA",4.0e-03
"ANH",4.0e-03
"YOSHIKO",4.0e-03
"SUSANNAH",4.0e-03
"SALINA",4.0e-03
"RHIANNON",4.0e-03
"JOLEEN",4.0e-03
"CRISTINE",4.0e-03
"ASHTON",4.0e-03
"ARACELY",4.0e-03
"TOMEKA",4.0e-03
"SHALONDA",4.0e-03
"MARTI",4.0e-03
"LACIE",4.0e-03
"KALA",4.0e-03
"JADA",4.0e-03
"ILSE",4.0e-03
"HAILEY",4.0e-03
"BRITTANI",4.0e-03
"ZONA",3.0e-03
"SYBLE",3.0e-03
"SHERRYL",3.0e-03
"RANDY",3.0e-03
"NIDIA",3.0e-03
"MARLO",3.0e-03
"KANDICE",3.0e-03
"KANDI",3.0e-03
"DEB",3.0e-03
"DEAN",3.0e-03
"AMERICA",3.0e-03
"ALYCIA",3.0e-03
"TOMMY",3.0e-03
"RONNA",3.0e-03
"NORENE",3.0e-03
"MERCY",3.0e-03
"JOSE",3.0e-03
"INGEBORG",3.0e-03
"GIOVANNA",3.0e-03
"GEMMA",3.0e-03
"CHRISTEL",3.0e-03
"AUDRY",3.0e-03
"ZORA",3.0e-03
"VITA",3.0e-03
"VAN",3.0e-03
"TRISH",3.0e-03
"STEPHAINE",3.0e-03
"SHIRLEE",3.0e-03
"SHANIKA",3.0e-03
"MELONIE",3.0e-03
"MAZIE",3.0e-03
"JAZMIN",3.0e-03
"INGA",3.0e-03
"HOA",3.0e-03
"HETTIE",3.0e-03
"GERALYN",3.0e-03
"FONDA",3.0e-03
"ESTRELLA",3.0e-03
"ADELLA",3.0e-03
"SU",3.0e-03
"SARITA",3.0e-03
"RINA",3.0e-03
"MILISSA",3.0e-03
"MARIBETH",3.0e-03
"GOLDA",3.0e-03
"EVON",3.0e-03
"ETHELYN",3.0e-03
"ENEDINA",3.0e-03
"CHERISE",3.0e-03
"CHANA",3.0e-03
"VELVA",3.0e-03
"TAWANNA",3.0e-03
"SADE",3.0e-03
"MIRTA",3.0e-03
"LI",3.0e-03
"KARIE",3.0e-03
"JACINTA",3.0e-03
"ELNA",3.0e-03
"DAVINA",3.0e-03
"CIERRA",3.0e-03
"ASHLIE",3.0e-03
"ALBERTHA",3.0e-03
"TANESHA",3.0e-03
"STEPHANI",3.0e-03
"NELLE",3.0e-03
"MINDI",3.0e-03
"LU",3.0e-03
"LORINDA",3.0e-03
"LARUE",3.0e-03
"FLORENE",3.0e-03
"DEMETRA",3.0e-03
"DEDRA",3.0e-03
"CIARA",3.0e-03
"CHANTELLE",3.0e-03
"ASHLY",3.0e-03
"SUZY",3.0e-03
"ROSALVA",3.0e-03
"NOELIA",3.0e-03
"LYDA",3.0e-03
"LEATHA",3.0e-03
"KRYSTYNA",3.0e-03
"KRISTAN",3.0e-03
"KARRI",3.0e-03
"DARLINE",3.0e-03
"DARCIE",3.0e-03
"CINDA",3.0e-03
"CHEYENNE",3.0e-03
"CHERRIE",3.0e-03
"AWILDA",3.0e-03
"ALMEDA",3.0e-03
"ROLANDA",3.0e-03
"LANETTE",3.0e-03
"JERILYN",3.0e-03
"GISELE",3.0e-03
"EVALYN",3.0e-03
"CYNDI",3.0e-03
"CLETA",3.0e-03
"CARIN",3.0e-03
"ZINA",3.0e-03
"ZENA",3.0e-03
"VELIA",3.0e-03
"TANIKA",3.0e-03
"PAUL",3.0e-03
"CHARISSA",3.0e-03
"THOMAS",3.0e-03
"TALIA",3.0e-03
"MARGARETE",3.0e-03
"LAVONDA",3.0e-03
"KAYLEE",3.0e-03
"KATHLENE",3.0e-03
"JONNA",3.0e-03
"IRENA",3.0e-03
"ILONA",3.0e-03
"IDALIA",3.0e-03
"CANDIS",3.0e-03
"CANDANCE",3.0e-03
"BRANDEE",3.0e-03
"ANITRA",3.0e-03
"ALIDA",3.0e-03
"SIGRID",3.0e-03
"NICOLETTE",3.0e-03
"MARYJO",3.0e-03
"LINETTE",3.0e-03
"HEDWIG",3.0e-03
"CHRISTIANA",3.0e-03
"CASSIDY",3.0e-03
"ALEXIA",3.0e-03
"TRESSIE",3.0e-03
"MODESTA",3.0e-03
"LUPITA",3.0e-03
"LITA",3.0e-03
"GLADIS",3.0e-03
"EVELIA",3.0e-03
"DAVIDA",3.0e-03
"CHERRI",3.0e-03
"CECILY",3.0e-03
"ASHELY",3.0e-03
"ANNABEL",3.0e-03
"AGUSTINA",3.0e-03
"WANITA",3.0e-03
"SHIRLY",3.0e-03
"ROSAURA",3.0e-03
"HULDA",3.0e-03
"EUN",3.0e-03
"BAILEY",3.0e-03
"YETTA",3.0e-03
"VERONA",3.0e-03
"THOMASINA",3.0e-03
"SIBYL",3.0e-03
"SHANNAN",3.0e-03
"MECHELLE",3.0e-03
"LUE",3.0e-03
"LEANDRA",3.0e-03
"LANI",3.0e-03
"KYLEE",3.0e-03
"KANDY",3.0e-03
"JOLYNN",3.0e-03
"FERNE",3.0e-03
"EBONI",3.0e-03
"CORENE",3.0e-03
"ALYSIA",3.0e-03
"ZULA",3.0e-03
"NADA",3.0e-03
"MOIRA",3.0e-03
"LYNDSAY",3.0e-03
"LORRETTA",3.0e-03
"JUAN",3.0e-03
"JAMMIE",3.0e-03
"HORTENSIA",3.0e-03
"GAYNELL",3.0e-03
"CAMERON",3.0e-03
"ADRIA",3.0e-03
"VINA",3.0e-03
"VICENTA",3.0e-03
"TANGELA",3.0e-03
"STEPHINE",3.0e-03
"NORINE",3.0e-03
"NELLA",3.0e-03
"LIANA",3.0e-03
"LESLEE",3.0e-03
"KIMBERELY",3.0e-03
"ILIANA",3.0e-03
"GLORY",3.0e-03
"FELICA",3.0e-03
"EMOGENE",3.0e-03
"ELFRIEDE",3.0e-03
"EDEN",3.0e-03
"EARTHA",3.0e-03
"CARMA",3.0e-03
"BEA",3.0e-03
"OCIE",3.0e-03
"MARRY",3.0e-03
"LENNIE",3.0e-03
"KIARA",3.0e-03
"JACALYN",3.0e-03
"CARLOTA",3.0e-03
"ARIELLE",3.0e-03
"YU",3.0e-03
"STAR",3.0e-03
"OTILIA",3.0e-03
"KIRSTIN",3.0e-03
"KACEY",3.0e-03
"JOHNETTA",3.0e-03
"JOEY",3.0e-03
"JOETTA",3.0e-03
"JERALDINE",3.0e-03
"JAUNITA",3.0e-03
"ELANA",3.0e-03
"DORTHEA",3.0e-03
"CAMI",3.0e-03
"AMADA",3.0e-03
"ADELIA",3.0e-03
"VERNITA",3.0e-03
"TAMAR",3.0e-03
"SIOBHAN",3.0e-03
"RENEA",3.0e-03
"RASHIDA",3.0e-03
"OUIDA",3.0e-03
"ODELL",3.0e-03
"NILSA",3.0e-03
"MERYL",3.0e-03
"KRISTYN",3.0e-03
"JULIETA",3.0e-03
"DANICA",3.0e-03
"BREANNE",3.0e-03
"AUREA",3.0e-03
"ANGLEA",3.0e-03
"SHERRON",3.0e-03
"ODETTE",3.0e-03
"MALIA",3.0e-03
"LORELEI",3.0e-03
"LIN",3.0e-03
"LEESA",3.0e-03
"KENNA",3.0e-03
"KATHLYN",3.0e-03
"FIONA",3.0e-03
"CHARLETTE",3.0e-03
"SUZIE",3.0e-03
"SHANTELL",3.0e-03
"SABRA",3.0e-03
"RACQUEL",3.0e-03
"MYONG",3.0e-03
"MIRA",3.0e-03
"MARTINE",3.0e-03
"LUCIENNE",3.0e-03
"LAVADA",3.0e-03
"JULIANN",3.0e-03
"JOHNIE",3.0e-03
"ELVERA",3.0e-03
"DELPHIA",3.0e-03
"CLAIR",3.0e-03
"CHRISTIANE",3.0e-03
"CHAROLETTE",3.0e-03
"CARRI",3.0e-03
"AUGUSTINE",3.0e-03
"ASHA",3.0e-03
"ANGELLA",3.0e-03
"PAOLA",3.0e-03
"NINFA",3.0e-03
"LEDA",3.0e-03
"LAI",3.0e-03
"EDA",3.0e-03
"SUNSHINE",3.0e-03
"STEFANI",3.0e-03
"SHANELL",3.0e-03
"PALMA",3.0e-03
"MACHELLE",3.0e-03
"LISSA",3.0e-03
"KECIA",3.0e-03
"KATHRYNE",3.0e-03
"KARLENE",3.0e-03
"JULISSA",3.0e-03
"JETTIE",3.0e-03
"JENNIFFER",3.0e-03
"HUI",3.0e-03
"CORRINA",3.0e-03
"CHRISTOPHER",3.0e-03
"CAROLANN",3.0e-03
"ALENA",3.0e-03
"TESS",3.0e-03
"ROSARIA",3.0e-03
"MYRTICE",3.0e-03
"MARYLEE",3.0e-03
"LIANE",3.0e-03
"KENYATTA",3.0e-03
"JUDIE",3.0e-03
"JANEY",3.0e-03
"IN",3.0e-03
"ELMIRA",3.0e-03
"ELDORA",3.0e-03
"DENNA",3.0e-03
"CRISTI",3.0e-03
"CATHI",3.0e-03
"ZAIDA",3.0e-03
"VONNIE",3.0e-03
"VIVA",3.0e-03
"VERNIE",3.0e-03
"ROSALINE",3.0e-03
"MARIELA",3.0e-03
"LUCIANA",3.0e-03
"LESLI",3.0e-03
"KARAN",3.0e-03
"FELICE",3.0e-03
"DENEEN",3.0e-03
"ADINA",3.0e-03
"WYNONA",3.0e-03
"TARSHA",3.0e-03
"SHERON",3.0e-03
"SHASTA",3.0e-03
"SHANITA",3.0e-03
"SHANI",3.0e-03
"SHANDRA",3.0e-03
"RANDA",3.0e-03
"PINKIE",3.0e-03
"PARIS",3.0e-03
"NELIDA",3.0e-03
"MARILOU",3.0e-03
"LYLA",3.0e-03
"LAURENE",3.0e-03
"LACI",3.0e-03
"JOI",3.0e-03
"JANENE",3.0e-03
"DOROTHA",3.0e-03
"DANIELE",3.0e-03
"DANI",3.0e-03
"CAROLYNN",3.0e-03
"CARLYN",3.0e-03
"BERENICE",3.0e-03
"AYESHA",3.0e-03
"ANNELIESE",3.0e-03
"ALETHEA",3.0e-03
"THERSA",3.0e-03
"TAMIKO",3.0e-03
"RUFINA",3.0e-03
"OLIVA",3.0e-03
"MOZELL",3.0e-03
"MARYLYN",3.0e-03
"MADISON",3.0e-03
"KRISTIAN",3.0e-03
"KATHYRN",3.0e-03
"KASANDRA",3.0e-03
"KANDACE",3.0e-03
"JANAE",3.0e-03
"GABRIEL",3.0e-03
"DOMENICA",3.0e-03
"DEBBRA",3.0e-03
"DANNIELLE",3.0e-03
"CHUN",3.0e-03
"BUFFY",3.0e-03
"BARBIE",3.0e-03
"ARCELIA",3.0e-03
"AJA",3.0e-03
"ZENOBIA",3.0e-03
"SHAREN",3.0e-03
"SHAREE",3.0e-03
"PATRICK",3.0e-03
"PAGE",3.0e-03
"MY",3.0e-03
"LAVINIA",3.0e-03
"KUM",3.0e-03
"KACIE",3.0e-03
"JACKELINE",3.0e-03
"HUONG",3.0e-03
"FELISA",3.0e-03
"EMELIA",3.0e-03
"ELEANORA",3.0e-03
"CYTHIA",3.0e-03
"CRISTIN",3.0e-03
"CLYDE",3.0e-03
"CLARIBEL",3.0e-03
"CARON",3.0e-03
"ANASTACIA",3.0e-03
"ZULMA",3.0e-03
"ZANDRA",3.0e-03
"YOKO",3.0e-03
"TENISHA",3.0e-03
"SUSANN",3.0e-03
"SHERILYN",3.0e-03
"SHAY",3.0e-03
"SHAWANDA",3.0e-03
"SABINE",3.0e-03
"ROMANA",3.0e-03
"MATHILDA",3.0e-03
"LINSEY",3.0e-03
"KEIKO",3.0e-03
"JOANA",3.0e-03
"ISELA",3.0e-03
"GRETTA",3.0e-03
"GEORGETTA",3.0e-03
"EUGENIE",3.0e-03
"DUSTY",3.0e-03
"DESIRAE",3.0e-03
"DELORA",3.0e-03
"CORAZON",3.0e-03
"ANTONINA",3.0e-03
"ANIKA",3.0e-03
"WILLENE",3.0e-03
"TRACEE",3.0e-03
"TAMATHA",3.0e-03
"REGAN",3.0e-03
"NICHELLE",3.0e-03
"MICKIE",3.0e-03
"MAEGAN",3.0e-03
"LUANA",3.0e-03
"LANITA",3.0e-03
"KELSIE",3.0e-03
"EDELMIRA",3.0e-03
"BREE",3.0e-03
"AFTON",3.0e-03
"TEODORA",3.0e-03
"TAMIE",3.0e-03
"SHENA",3.0e-03
"MEG",3.0e-03
"LINH",3.0e-03
"KELI",3.0e-03
"KACI",3.0e-03
"DANYELLE",3.0e-03
"BRITT",3.0e-03
"ARLETTE",3.0e-03
"ALBERTINE",3.0e-03
"ADELLE",3.0e-03
"TIFFINY",3.0e-03
"STORMY",3.0e-03
"SIMONA",3.0e-03
"NUMBERS",3.0e-03
"NICOLASA",3.0e-03
"NICHOL",3.0e-03
"NIA",3.0e-03
"NAKISHA",3.0e-03
"MEE",3.0e-03
"MAIRA",3.0e-03
"LOREEN",3.0e-03
"KIZZY",3.0e-03
"JOHNNY",3.0e-03
"JAY",3.0e-03
"FALLON",3.0e-03
"CHRISTENE",3.0e-03
"BOBBYE",3.0e-03
"ANTHONY",3.0e-03
"YING",2.0e-03
"VINCENZA",2.0e-03
"TANJA",2.0e-03
"RUBIE",2.0e-03
"RONI",2.0e-03
"QUEENIE",2.0e-03
"MARGARETT",2.0e-03
"KIMBERLI",2.0e-03
"IRMGARD",2.0e-03
"IDELL",2.0e-03
"HILMA",2.0e-03
"EVELINA",2.0e-03
"ESTA",2.0e-03
"EMILEE",2.0e-03
"DENNISE",2.0e-03
"DANIA",2.0e-03
"CARL",2.0e-03
"CARIE",2.0e-03
"ANTONIO",2.0e-03
"WAI",2.0e-03
"SANG",2.0e-03
"RISA",2.0e-03
"RIKKI",2.0e-03
"PARTICIA",2.0e-03
"MUI",2.0e-03
"MASAKO",2.0e-03
"MARIO",2.0e-03
"LUVENIA",2.0e-03
"LOREE",2.0e-03
"LONI",2.0e-03
"LIEN",2.0e-03
"KEVIN",2.0e-03
"GIGI",2.0e-03
"FLORENCIA",2.0e-03
"DORIAN",2.0e-03
"DENITA",2.0e-03
"DALLAS",2.0e-03
"CHI",2.0e-03
"BILLYE",2.0e-03
"ALEXANDER",2.0e-03
"TOMIKA",2.0e-03
"SHARITA",2.0e-03
"RANA",2.0e-03
"NIKOLE",2.0e-03
"NEOMA",2.0e-03
"MARGARITE",2.0e-03
"MADALYN",2.0e-03
"LUCINA",2.0e-03
"LAILA",2.0e-03
"KALI",2.0e-03
"JENETTE",2.0e-03
"GABRIELE",2.0e-03
"EVELYNE",2.0e-03
"ELENORA",2.0e-03
"CLEMENTINA",2.0e-03
"ALEJANDRINA",2.0e-03
"ZULEMA",2.0e-03
"VIOLETTE",2.0e-03
"VANNESSA",2.0e-03
"THRESA",2.0e-03
"RETTA",2.0e-03
"PIA",2.0e-03
"PATIENCE",2.0e-03
"NOELLA",2.0e-03
"NICKIE",2.0e-03
"JONELL",2.0e-03
"DELTA",2.0e-03
"CHUNG",2.0e-03
"CHAYA",2.0e-03
"CAMELIA",2.0e-03
"BETHEL",2.0e-03
"ANYA",2.0e-03
"ANDREW",2.0e-03
"THANH",2.0e-03
"SUZANN",2.0e-03
"SPRING",2.0e-03
"SHU",2.0e-03
"MILA",2.0e-03
"LILLA",2.0e-03
"LAVERNA",2.0e-03
"KEESHA",2.0e-03
"KATTIE",2.0e-03
"GIA",2.0e-03
"GEORGENE",2.0e-03
"EVELINE",2.0e-03
"ESTELL",2.0e-03
"ELIZBETH",2.0e-03
"VIVIENNE",2.0e-03
"VALLIE",2.0e-03
"TRUDIE",2.0e-03
"STEPHANE",2.0e-03
"MICHEL",2.0e-03
"MAGALY",2.0e-03
"MADIE",2.0e-03
"KENYETTA",2.0e-03
"KARREN",2.0e-03
"JANETTA",2.0e-03
"HERMINE",2.0e-03
"HARMONY",2.0e-03
"DRUCILLA",2.0e-03
"DEBBI",2.0e-03
"CELESTINA",2.0e-03
"CANDIE",2.0e-03
"BRITNI",2.0e-03
"BECKIE",2.0e-03
"AMINA",2.0e-03
"ZITA",2.0e-03
"YUN",2.0e-03
"YOLANDE",2.0e-03
"VIVIEN",2.0e-03
"VERNETTA",2.0e-03
"TRUDI",2.0e-03
"SOMMER",2.0e-03
"PEARLE",2.0e-03
"PATRINA",2.0e-03
"OSSIE",2.0e-03
"NICOLLE",2.0e-03
"LOYCE",2.0e-03
"LETTY",2.0e-03
"LARISA",2.0e-03
"KATHARINA",2.0e-03
"JOSELYN",2.0e-03
"JONELLE",2.0e-03
"JENELL",2.0e-03
"IESHA",2.0e-03
"HEIDE",2.0e-03
"FLORINDA",2.0e-03
"FLORENTINA",2.0e-03
"FLO",2.0e-03
"ELODIA",2.0e-03
"DORINE",2.0e-03
"BRUNILDA",2.0e-03
"BRIGID",2.0e-03
"ASHLI",2.0e-03
"ARDELLA",2.0e-03
"TWANA",2.0e-03
"THU",2.0e-03
"TARAH",2.0e-03
"SUNG",2.0e-03
"SHEA",2.0e-03
"SHAVON",2.0e-03
"SHANE",2.0e-03
"SERINA",2.0e-03
"RAYNA",2.0e-03
"RAMONITA",2.0e-03
"NGA",2.0e-03
"MARGURITE",2.0e-03
"LUCRECIA",2.0e-03
"KOURTNEY",2.0e-03
"KATI",2.0e-03
"JESUS",2.0e-03
"JESENIA",2.0e-03
"DIAMOND",2.0e-03
"CRISTA",2.0e-03
"AYANA",2.0e-03
"ALICA",2.0e-03
"ALIA",2.0e-03
"VINNIE",2.0e-03
"SUELLEN",2.0e-03
"ROMELIA",2.0e-03
"RACHELL",2.0e-03
"PIPER",2.0e-03
"OLYMPIA",2.0e-03
"MICHIKO",2.0e-03
"KATHALEEN",2.0e-03
"JOLIE",2.0e-03
"JESSI",2.0e-03
"JANESSA",2.0e-03
"HANA",2.0e-03
"HA",2.0e-03
"ELEASE",2.0e-03
"CARLETTA",2.0e-03
"BRITANY",2.0e-03
"SHONA",2.0e-03
"SALOME",2.0e-03
"ROSAMOND",2.0e-03
"REGENA",2.0e-03
"RAINA",2.0e-03
"NGOC",2.0e-03
"NELIA",2.0e-03
"LOUVENIA",2.0e-03
"LESIA",2.0e-03
"LATRINA",2.0e-03
"LATICIA",2.0e-03
"LARHONDA",2.0e-03
"JINA",2.0e-03
"JACKI",2.0e-03
"HOLLIS",2.0e-03
"HOLLEY",2.0e-03
"EMMY",2.0e-03
"DEEANN",2.0e-03
"CORETTA",2.0e-03
"ARNETTA",2.0e-03
"VELVET",2.0e-03
"THALIA",2.0e-03
"SHANICE",2.0e-03
"NETA",2.0e-03
"MIKKI",2.0e-03
"MICKI",2.0e-03
"LONNA",2.0e-03
"LEANA",2.0e-03
"LASHUNDA",2.0e-03
"KILEY",2.0e-03
"JOYE",2.0e-03
"JACQULYN",2.0e-03
"IGNACIA",2.0e-03
"HYUN",2.0e-03
"HIROKO",2.0e-03
"HENRY",2.0e-03
"HENRIETTE",2.0e-03
"ELAYNE",2.0e-03
"DELINDA",2.0e-03
"DARNELL",2.0e-03
"DAHLIA",2.0e-03
"COREEN",2.0e-03
"CONSUELA",2.0e-03
"CONCHITA",2.0e-03
"CELINE",2.0e-03
"BABETTE",2.0e-03
"AYANNA",2.0e-03
"ANETTE",2.0e-03
"ALBERTINA",2.0e-03
"SKYE",2.0e-03
"SHAWNEE",2.0e-03
"SHANEKA",2.0e-03
"QUIANA",2.0e-03
"PAMELIA",2.0e-03
"MIN",2.0e-03
"MERRI",2.0e-03
"MERLENE",2.0e-03
"MARGIT",2.0e-03
"KIESHA",2.0e-03
"KIERA",2.0e-03
"KAYLENE",2.0e-03
"JODEE",2.0e-03
"JENISE",2.0e-03
"ERLENE",2.0e-03
"EMMIE",2.0e-03
"ELSE",2.0e-03
"DARYL",2.0e-03
"DALILA",2.0e-03
"DAISEY",2.0e-03
"CODY",2.0e-03
"CASIE",2.0e-03
"BELIA",2.0e-03
"BABARA",2.0e-03
"VERSIE",2.0e-03
"VANESA",2.0e-03
"SHELBA",2.0e-03
"SHAWNDA",2.0e-03
"SAM",2.0e-03
"NORMAN",2.0e-03
"NIKIA",2.0e-03
"NAOMA",2.0e-03
"MARNA",2.0e-03
"MARGERET",2.0e-03
"MADALINE",2.0e-03
"LAWANA",2.0e-03
"KINDRA",2.0e-03
"JUTTA",2.0e-03
"JAZMINE",2.0e-03
"JANETT",2.0e-03
"HANNELORE",2.0e-03
"GLENDORA",2.0e-03
"GERTRUD",2.0e-03
"GARNETT",2.0e-03
"FREEDA",2.0e-03
"FREDERICA",2.0e-03
"FLORANCE",2.0e-03
"FLAVIA",2.0e-03
"DENNIS",2.0e-03
"CARLINE",2.0e-03
"BEVERLEE",2.0e-03
"ANJANETTE",2.0e-03
"VALDA",2.0e-03
"TRINITY",2.0e-03
"TAMALA",2.0e-03
"STEVIE",2.0e-03
"SHONNA",2.0e-03
"SHA",2.0e-03
"SARINA",2.0e-03
"ONEIDA",2.0e-03
"MICAH",2.0e-03
"MERILYN",2.0e-03
"MARLEEN",2.0e-03
"LURLINE",2.0e-03
"LENNA",2.0e-03
"KATHERIN",2.0e-03
"JIN",2.0e-03
"JENI",2.0e-03
"HAE",2.0e-03
"GRACIA",2.0e-03
"GLADY",2.0e-03
"FARAH",2.0e-03
"ERIC",2.0e-03
"ENOLA",2.0e-03
"EMA",2.0e-03
"DOMINQUE",2.0e-03
"DEVONA",2.0e-03
"DELANA",2.0e-03
"CECILA",2.0e-03
"CAPRICE",2.0e-03
"ALYSHA",2.0e-03
"ALI",2.0e-03
"ALETHIA",2.0e-03
"VENA",2.0e-03
"THERESIA",2.0e-03
"TAWNY",2.0e-03
"SONG",2.0e-03
"SHAKIRA",2.0e-03
"SAMARA",2.0e-03
"SACHIKO",2.0e-03
"RACHELE",2.0e-03
"PAMELLA",2.0e-03
"NICKY",2.0e-03
"MARNI",2.0e-03
"MARIEL",2.0e-03
"MAREN",2.0e-03
"MALISA",2.0e-03
"LIGIA",2.0e-03
"LERA",2.0e-03
"LATORIA",2.0e-03
"LARAE",2.0e-03
"KIMBER",2.0e-03
"KATHERN",2.0e-03
"KAREY",2.0e-03
"JENNEFER",2.0e-03
"JANETH",2.0e-03
"HALINA",2.0e-03
"FREDIA",2.0e-03
"DELISA",2.0e-03
"DEBROAH",2.0e-03
"CIERA",2.0e-03
"CHIN",2.0e-03
"ANGELIKA",2.0e-03
"ANDREE",2.0e-03
"ALTHA",2.0e-03
"YEN",2.0e-03
"VIVAN",2.0e-03
"TERRESA",2.0e-03
"TANNA",2.0e-03
"SUK",2.0e-03
"SUDIE",2.0e-03
"SOO",2.0e-03
"SIGNE",2.0e-03
"SALENA",2.0e-03
"RONNI",2.0e-03
"REBBECCA",2.0e-03
"MYRTIE",2.0e-03
"MCKENZIE",2.0e-03
"MALIKA",2.0e-03
"MAIDA",2.0e-03
"LOAN",2.0e-03
"LEONARDA",2.0e-03
"KAYLEIGH",2.0e-03
"FRANCE",2.0e-03
"ETHYL",2.0e-03
"ELLYN",2.0e-03
"DAYLE",2.0e-03
"CAMMIE",2.0e-03
"BRITTNI",2.0e-03
"BIRGIT",2.0e-03
"AVELINA",2.0e-03
"ASUNCION",2.0e-03
"ARIANNA",2.0e-03
"AKIKO",2.0e-03
"VENICE",2.0e-03
"TYESHA",2.0e-03
"TONIE",2.0e-03
"TIESHA",2.0e-03
"TAKISHA",2.0e-03
"STEFFANIE",2.0e-03
"SINDY",2.0e-03
"SANTANA",2.0e-03
"MEGHANN",2.0e-03
"MANDA",2.0e-03
"MACIE",2.0e-03
"LADY",2.0e-03
"KELLYE",2.0e-03
"KELLEE",2.0e-03
"JOSLYN",2.0e-03
"JASON",2.0e-03
"INGER",2.0e-03
"INDIRA",2.0e-03
"GLINDA",2.0e-03
"GLENNIS",2.0e-03
"FERNANDA",2.0e-03
"FAUSTINA",2.0e-03
"ENEIDA",2.0e-03
"ELICIA",2.0e-03
"DOT",2.0e-03
"DIGNA",2.0e-03
"DELL",2.0e-03
"ARLETTA",2.0e-03
"ANDRE",2.0e-03
"WILLIA",2.0e-03
"TAMMARA",2.0e-03
"TABETHA",2.0e-03
"SHERRELL",2.0e-03
"SARI",2.0e-03
"REFUGIO",2.0e-03
"REBBECA",2.0e-03
"PAULETTA",2.0e-03
"NIEVES",2.0e-03
"NATOSHA",2.0e-03
"NAKITA",2.0e-03
"MAMMIE",2.0e-03
"KENISHA",2.0e-03
"KAZUKO",2.0e-03
"KASSIE",2.0e-03
"GARY",2.0e-03
"EARLEAN",2.0e-03
"DAPHINE",2.0e-03
"CORLISS",2.0e-03
"CLOTILDE",2.0e-03
"CAROLYNE",2.0e-03
"BERNETTA",2.0e-03
"AUGUSTINA",2.0e-03
"AUDREA",2.0e-03
"ANNIS",2.0e-03
"ANNABELL",2.0e-03
"YAN",2.0e-03
"TENNILLE",2.0e-03
"TAMICA",2.0e-03
"SELENE",2.0e-03
"SEAN",2.0e-03
"ROSANA",2.0e-03
"REGENIA",2.0e-03
"QIANA",2.0e-03
"MARKITA",2.0e-03
"MACY",2.0e-03
"LEEANNE",2.0e-03
"LAURINE",2.0e-03
"KYM",2.0e-03
"JESSENIA",2.0e-03
"JANITA",2.0e-03
"GEORGINE",2.0e-03
"GENIE",2.0e-03
"EMIKO",2.0e-03
"ELVIE",2.0e-03
"DEANDRA",2.0e-03
"DAGMAR",2.0e-03
"CORIE",2.0e-03
"COLLEN",2.0e-03
"CHERISH",2.0e-03
"ROMAINE",2.0e-03
"PORSHA",2.0e-03
"PEARLENE",2.0e-03
"MICHELINE",2.0e-03
"MERNA",2.0e-03
"MARGORIE",2.0e-03
"MARGARETTA",2.0e-03
"LORE",2.0e-03
"KENNETH",2.0e-03
"JENINE",2.0e-03
"HERMINA",2.0e-03
"FREDERICKA",2.0e-03
"ELKE",2.0e-03
"DRUSILLA",2.0e-03
"DORATHY",2.0e-03
"DIONE",2.0e-03
"DESIRE",2.0e-03
"CELENA",2.0e-03
"BRIGIDA",2.0e-03
"ANGELES",2.0e-03
"ALLEGRA",2.0e-03
"THEO",2.0e-03
"TAMEKIA",2.0e-03
"SYNTHIA",2.0e-03
"STEPHEN",2.0e-03
"SOOK",2.0e-03
"SLYVIA",2.0e-03
"ROSANN",2.0e-03
"REATHA",2.0e-03
"RAYE",2.0e-03
"MARQUETTA",2.0e-03
"MARGART",2.0e-03
"LING",2.0e-03
"LAYLA",2.0e-03
"KYMBERLY",2.0e-03
"KIANA",2.0e-03
"KAYLEEN",2.0e-03
"KATLYN",2.0e-03
"KARMEN",2.0e-03
"JOELLA",2.0e-03
"IRINA",2.0e-03
"EMELDA",2.0e-03
"ELENI",2.0e-03
"DETRA",2.0e-03
"CLEMMIE",2.0e-03
"CHERYLL",2.0e-03
"CHANTELL",2.0e-03
"CATHEY",2.0e-03
"ARNITA",2.0e-03
"ARLA",2.0e-03
"ANGLE",2.0e-03
"ANGELIC",2.0e-03
"ALYSE",2.0e-03
"ZOFIA",2.0e-03
"THOMASINE",2.0e-03
"TENNIE",2.0e-03
"SON",2.0e-03
"SHERLY",2.0e-03
"SHERLEY",2.0e-03
"SHARYL",2.0e-03
"REMEDIOS",2.0e-03
"PETRINA",2.0e-03
"NICKOLE",2.0e-03
"MYUNG",2.0e-03
"MYRLE",2.0e-03
"MOZELLA",2.0e-03
"LOUANNE",2.0e-03
"LISHA",2.0e-03
"LATIA",2.0e-03
"LANE",2.0e-03
"KRYSTA",2.0e-03
"JULIENNE",2.0e-03
"JOEL",2.0e-03
"JEANENE",2.0e-03
"JACQUALINE",2.0e-03
"ISAURA",2.0e-03
"GWENDA",2.0e-03
"EARLEEN",2.0e-03
"DONALD",2.0e-03
"CLEOPATRA",2.0e-03
"CARLIE",2.0e-03
"AUDIE",2.0e-03
"ANTONIETTA",2.0e-03
"ALISE",2.0e-03
"ALEX",2.0e-03
"VERDELL",2.0e-03
"VAL",2.0e-03
"TYLER",2.0e-03
"TOMOKO",2.0e-03
"THAO",2.0e-03
"TALISHA",2.0e-03
"STEVEN",2.0e-03
"SO",2.0e-03
"SHEMIKA",2.0e-03
"SHAUN",2.0e-03
"SCARLET",2.0e-03
"SAVANNA",2.0e-03
"SANTINA",2.0e-03
"ROSIA",2.0e-03
"RAEANN",2.0e-03
"ODILIA",2.0e-03
"NANA",2.0e-03
"MINNA",2.0e-03
"MAGAN",2.0e-03
"LYNELLE",2.0e-03
"LE",2.0e-03
"KARMA",2.0e-03
"JOEANN",2.0e-03
"IVANA",2.0e-03
"INELL",2.0e-03
"ILANA",2.0e-03
"HYE",2.0e-03
"HONEY",2.0e-03
"HEE",2.0e-03
"GUDRUN",2.0e-03
"FRANK",2.0e-03
"DREAMA",2.0e-03
"CRISSY",2.0e-03
"CHANTE",2.0e-03
"CARMELINA",2.0e-03
"ARVILLA",2.0e-03
"ARTHUR",2.0e-03
"ANNAMAE",2.0e-03
"ALVERA",2.0e-03
"ALEIDA",2.0e-03
"AARON",2.0e-03
"YEE",2.0e-03
"YANIRA",2.0e-03
"VANDA",2.0e-03
"TIANNA",2.0e-03
"TAM",2.0e-03
"STEFANIA",2.0e-03
"SHIRA",2.0e-03
"PERRY",2.0e-03
"NICOL",2.0e-03
"NANCIE",2.0e-03
"MONSERRATE",2.0e-03
"MINH",2.0e-03
"MELYNDA",2.0e-03
"MELANY",2.0e-03
"MATTHEW",2.0e-03
"LOVELLA",2.0e-03
"LAURE",2.0e-03
"KIRBY",2.0e-03
"KACY",2.0e-03
"JACQUELYNN",2.0e-03
"HYON",2.0e-03
"GERTHA",2.0e-03
"FRANCISCO",2.0e-03
"ELIANA",2.0e-03
"CHRISTENA",2.0e-03
"CHRISTEEN",2.0e-03
"CHARISE",2.0e-03
"CATERINA",2.0e-03
"CARLEY",2.0e-03
"CANDYCE",2.0e-03
"ARLENA",2.0e-03
"AMMIE",2.0e-03
"YANG",2.0e-03
"WILLETTE",2.0e-03
"VANITA",2.0e-03
"TUYET",2.0e-03
"TINY",2.0e-03
"SYREETA",2.0e-03
"SILVA",2.0e-03
"SCOTT",2.0e-03
"RONALD",2.0e-03
"PENNEY",2.0e-03
"NYLA",2.0e-03
"MICHAL",2.0e-03
"MAURICE",2.0e-03
"MARYAM",2.0e-03
"MARYA",2.0e-03
"MAGEN",2.0e-03
"LUDIE",2.0e-03
"LOMA",2.0e-03
"LIVIA",2.0e-03
"LANELL",2.0e-03
"KIMBERLIE",2.0e-03
"JULEE",2.0e-03
"DONETTA",2.0e-03
"DIEDRA",2.0e-03
"DENISHA",2.0e-03
"DEANE",2.0e-03
"DAWNE",2.0e-03
"CLARINE",2.0e-03
"CHERRYL",2.0e-03
"BRONWYN",2.0e-03
"BRANDON",2.0e-03
"ALLA",2.0e-03
"VALERY",2.0e-03
"TONDA",2.0e-03
"SUEANN",2.0e-03
"SORAYA",2.0e-03
"SHOSHANA",2.0e-03
"SHELA",2.0e-03
"SHARLEEN",2.0e-03
"SHANELLE",2.0e-03
"NERISSA",2.0e-03
"MICHEAL",2.0e-03
"MERIDITH",2.0e-03
"MELLIE",2.0e-03
"MAYE",2.0e-03
"MAPLE",2.0e-03
"MAGARET",2.0e-03
"LUIS",2.0e-03
"LILI",2.0e-03
"LEONILA",2.0e-03
"LEONIE",2.0e-03
"LEEANNA",2.0e-03
"LAVONIA",2.0e-03
"LAVERA",2.0e-03
"KRISTEL",2.0e-03
"KATHEY",2.0e-03
"KATHE",2.0e-03
"JUSTIN",2.0e-03
"JULIAN",2.0e-03
"JIMMY",2.0e-03
"JANN",2.0e-03
"ILDA",2.0e-03
"HILDRED",2.0e-03
"HILDEGARDE",2.0e-03
"GENIA",2.0e-03
"FUMIKO",2.0e-03
"EVELIN",2.0e-03
"ERMELINDA",2.0e-03
"ELLY",2.0e-03
"DUNG",2.0e-03
"DOLORIS",2.0e-03
"DIONNA",2.0e-03
"DANAE",2.0e-03
"BERNEICE",2.0e-03
"ANNICE",2.0e-03
"ALIX",2.0e-03
"VERENA",2.0e-03
"VERDIE",2.0e-03
"TRISTAN",2.0e-03
"SHAWNNA",2.0e-03
"SHAWANA",2.0e-03
"SHAUNNA",2.0e-03
"ROZELLA",2.0e-03
"RANDEE",2.0e-03
"RANAE",2.0e-03
"MILAGRO",2.0e-03
"LYNELL",2.0e-03
"LUISE",2.0e-03
"LOUIE",2.0e-03
"LOIDA",2.0e-03
"LISBETH",2.0e-03
"KARLEEN",2.0e-03
"JUNITA",2.0e-03
"JONA",2.0e-03
"ISIS",2.0e-03
"HYACINTH",2.0e-03
"HEDY",2.0e-03
"GWENN",2.0e-03
"ETHELENE",2.0e-03
"ERLINE",2.0e-03
"EDWARD",2.0e-03
"DONYA",2.0e-03
"DOMONIQUE",2.0e-03
"DELICIA",2.0e-03
"DANNETTE",2.0e-03
"CICELY",2.0e-03
"BRANDA",2.0e-03
"BLYTHE",2.0e-03
"BETHANN",2.0e-03
"ASHLYN",2.0e-03
"ANNALEE",2.0e-03
"ALLINE",2.0e-03
"YUKO",2.0e-03
"VELLA",2.0e-03
"TRANG",2.0e-03
"TOWANDA",2.0e-03
"TESHA",2.0e-03
"SHERLYN",2.0e-03
"NARCISA",2.0e-03
"MIGUELINA",2.0e-03
"MERI",2.0e-03
"MAYBELL",2.0e-03
"MARLANA",2.0e-03
"MARGUERITA",2.0e-03
"MADLYN",2.0e-03
"LUNA",2.0e-03
"LORY",2.0e-03
"LORIANN",2.0e-03
"LIBERTY",2.0e-03
"LEONORE",2.0e-03
"LEIGHANN",2.0e-03
"LAURICE",2.0e-03
"LATESHA",2.0e-03
"LARONDA",2.0e-03
"KATRICE",2.0e-03
"KASIE",2.0e-03
"KARL",2.0e-03
"KALEY",2.0e-03
"JADWIGA",2.0e-03
"GLENNIE",2.0e-03
"GEARLDINE",2.0e-03
"FRANCINA",2.0e-03
"EPIFANIA",2.0e-03
"DYAN",2.0e-03
"DORIE",2.0e-03
"DIEDRE",2.0e-03
"DENESE",2.0e-03
"DEMETRICE",2.0e-03
"DELENA",2.0e-03
"DARBY",2.0e-03
"CRISTIE",2.0e-03
"CLEORA",2.0e-03
"CATARINA",2.0e-03
"CARISA",2.0e-03
"BERNIE",2.0e-03
"BARBERA",2.0e-03
"ALMETA",2.0e-03
"TRULA",2.0e-03
"TEREASA",2.0e-03
"SOLANGE",2.0e-03
"SHEILAH",2.0e-03
"SHAVONNE",2.0e-03
"SANORA",2.0e-03
"ROCHELL",2.0e-03
"MATHILDE",2.0e-03
"MARGARETA",2.0e-03
"MAIA",2.0e-03
"LYNSEY",2.0e-03
"LAWANNA",2.0e-03
"LAUNA",2.0e-03
"KENA",2.0e-03
"KEENA",2.0e-03
"KATIA",2.0e-03
"JAMEY",2.0e-03
"GLYNDA",2.0e-03
"GAYLENE",2.0e-03
"ELVINA",2.0e-03
"ELANOR",2.0e-03
"DANUTA",2.0e-03
"DANIKA",2.0e-03
"CRISTEN",2.0e-03
"CORDIE",2.0e-03
"COLETTA",2.0e-03
"CLARITA",2.0e-03
"CARMON",2.0e-03
"BRYNN",2.0e-03
"AZUCENA",2.0e-03
"AUNDREA",2.0e-03
"ANGELE",2.0e-03
"YI",2.0e-03
"WALTER",2.0e-03
"VERLIE",2.0e-03
"VERLENE",2.0e-03
"TAMESHA",2.0e-03
"SILVANA",2.0e-03
"SEBRINA",2.0e-03
"SAMIRA",2.0e-03
"REDA",2.0e-03
"RAYLENE",2.0e-03
"PENNI",2.0e-03
"PANDORA",2.0e-03
"NORAH",2.0e-03
"NOMA",2.0e-03
"MIREILLE",2.0e-03
"MELISSIA",2.0e-03
"MARYALICE",2.0e-03
"LARAINE",2.0e-03
"KIMBERY",2.0e-03
"KARYL",2.0e-03
"KARINE",2.0e-03
"KAM",2.0e-03
"JOLANDA",2.0e-03
"JOHANA",2.0e-03
"JESUSA",2.0e-03
"JALEESA",2.0e-03
"JAE",2.0e-03
"JACQUELYNE",2.0e-03
"IRISH",2.0e-03
"ILUMINADA",2.0e-03
"HILARIA",2.0e-03
"HANH",2.0e-03
"GENNIE",2.0e-03
"FRANCIE",2.0e-03
"FLORETTA",2.0e-03
"EXIE",2.0e-03
"EDDA",2.0e-03
"DREMA",2.0e-03
"DELPHA",2.0e-03
"BEV",2.0e-03
"BARBAR",2.0e-03
"ASSUNTA",2.0e-03
"ARDELL",2.0e-03
"ANNALISA",2.0e-03
"ALISIA",2.0e-03
"YUKIKO",2.0e-03
"YOLANDO",2.0e-03
"WONDA",2.0e-03
"WEI",2.0e-03
"WALTRAUD",2.0e-03
"VETA",2.0e-03
"TEQUILA",2.0e-03
"TEMEKA",2.0e-03
"TAMEIKA",2.0e-03
"SHIRLEEN",2.0e-03
"SHENITA",2.0e-03
"PIEDAD",2.0e-03
"OZELLA",2.0e-03
"MIRTHA",2.0e-03
"MARILU",2.0e-03
"KIMIKO",2.0e-03
"JULIANE",2.0e-03
"JENICE",2.0e-03
"JEN",2.0e-03
"JANAY",2.0e-03
"JACQUILINE",2.0e-03
"HILDE",2.0e-03
"FE",2.0e-03
"FAE",2.0e-03
"EVAN",2.0e-03
"EUGENE",2.0e-03
"ELOIS",2.0e-03
"ECHO",2.0e-03
"DEVORAH",2.0e-03
"CHAU",2.0e-03
"BRINDA",2.0e-03
"BETSEY",2.0e-03
"ARMINDA",2.0e-03
"ARACELIS",2.0e-03
"APRYL",2.0e-03
"ANNETT",2.0e-03
"ALISHIA",2.0e-03
"VEOLA",2.0e-03
"USHA",2.0e-03
"TOSHIKO",2.0e-03
"THEOLA",2.0e-03
"TASHIA",2.0e-03
"TALITHA",2.0e-03
"SHERY",2.0e-03
"RUDY",2.0e-03
"RENETTA",2.0e-03
"REIKO",2.0e-03
"RASHEEDA",2.0e-03
"OMEGA",2.0e-03
"OBDULIA",2.0e-03
"MIKA",2.0e-03
"MELAINE",2.0e-03
"MEGGAN",2.0e-03
"MARTIN",2.0e-03
"MARLEN",2.0e-03
"MARGET",2.0e-03
"MARCELINE",2.0e-03
"MANA",2.0e-03
"MAGDALEN",2.0e-03
"LIBRADA",2.0e-03
"LEZLIE",2.0e-03
"LEXIE",2.0e-03
"LATASHIA",2.0e-03
"LASANDRA",2.0e-03
"KELLE",2.0e-03
"ISIDRA",2.0e-03
"ISA",2.0e-03
"INOCENCIA",2.0e-03
"GWYN",2.0e-03
"FRANCOISE",2.0e-03
"ERMINIA",2.0e-03
"ERINN",2.0e-03
"DIMPLE",2.0e-03
"DEVORA",2.0e-03
"CRISELDA",2.0e-03
"ARMANDA",2.0e-03
"ARIE",2.0e-03
"ARIANE",2.0e-03
"ANGELO",2.0e-03
"ANGELENA",2.0e-03
"ALLEN",2.0e-03
"ALIZA",2.0e-03
"ADRIENE",2.0e-03
"ADALINE",2.0e-03
"XOCHITL",1.0e-03
"TWANNA",1.0e-03
"TRAN",1.0e-03
"TOMIKO",1.0e-03
"TAMISHA",1.0e-03
"TAISHA",1.0e-03
"SUSY",1.0e-03
"SIU",1.0e-03
"RUTHA",1.0e-03
"ROXY",1.0e-03
"RHONA",1.0e-03
"RAYMOND",1.0e-03
"OTHA",1.0e-03
"NORIKO",1.0e-03
"NATASHIA",1.0e-03
"MERRIE",1.0e-03
"MELVIN",1.0e-03
"MARINDA",1.0e-03
"MARIKO",1.0e-03
"MARGERT",1.0e-03
"LORIS",1.0e-03
"LIZZETTE",1.0e-03
"LEISHA",1.0e-03
"KAILA",1.0e-03
"KA",1.0e-03
"JOANNIE",1.0e-03
"JERRICA",1.0e-03
"JENE",1.0e-03
"JANNET",1.0e-03
"JANEE",1.0e-03
"JACINDA",1.0e-03
"HERTA",1.0e-03
"ELENORE",1.0e-03
"DORETTA",1.0e-03
"DELAINE",1.0e-03
"DANIELL",1.0e-03
"CLAUDIE",1.0e-03
"CHINA",1.0e-03
"BRITTA",1.0e-03
"APOLONIA",1.0e-03
"AMBERLY",1.0e-03
"ALEASE",1.0e-03
"YURI",1.0e-03
"YUK",1.0e-03
"WEN",1.0e-03
"WANETA",1.0e-03
"UTE",1.0e-03
"TOMI",1.0e-03
"SHARRI",1.0e-03
"SANDIE",1.0e-03
"ROSELLE",1.0e-03
"REYNALDA",1.0e-03
"RAGUEL",1.0e-03
"PHYLICIA",1.0e-03
"PATRIA",1.0e-03
"OLIMPIA",1.0e-03
"ODELIA",1.0e-03
"MITZIE",1.0e-03
"MITCHELL",1.0e-03
"MISS",1.0e-03
"MINDA",1.0e-03
"MIGNON",1.0e-03
"MICA",1.0e-03
"MENDY",1.0e-03
"MARIVEL",1.0e-03
"MAILE",1.0e-03
"LYNETTA",1.0e-03
"LAVETTE",1.0e-03
"LAURYN",1.0e-03
"LATRISHA",1.0e-03
"LAKIESHA",1.0e-03
"KIERSTEN",1.0e-03
"KARY",1.0e-03
"JOSPHINE",1.0e-03
"JOLYN",1.0e-03
"JETTA",1.0e-03
"JANISE",1.0e-03
"JACQUIE",1.0e-03
"IVELISSE",1.0e-03
"GLYNIS",1.0e-03
"GIANNA",1.0e-03
"GAYNELLE",1.0e-03
"EMERALD",1.0e-03
"DEMETRIUS",1.0e-03
"DANYELL",1.0e-03
"DANILLE",1.0e-03
"DACIA",1.0e-03
"CORALEE",1.0e-03
"CHER",1.0e-03
"CEOLA",1.0e-03
"BRETT",1.0e-03
"BELL",1.0e-03
"ARIANNE",1.0e-03
"ALESHIA",1.0e-03
"YUNG",1.0e-03
"WILLIEMAE",1.0e-03
"TROY",1.0e-03
"TRINH",1.0e-03
"THORA",1.0e-03
"TAI",1.0e-03
"SVETLANA",1.0e-03
"SHERIKA",1.0e-03
"SHEMEKA",1.0e-03
"SHAUNDA",1.0e-03
"ROSELINE",1.0e-03
"RICKI",1.0e-03
"MELDA",1.0e-03
"MALLIE",1.0e-03
"LAVONNA",1.0e-03
"LATINA",1.0e-03
"LARRY",1.0e-03
"LAQUANDA",1.0e-03
"LALA",1.0e-03
"LACHELLE",1.0e-03
"KLARA",1.0e-03
"KANDIS",1.0e-03
"JOHNA",1.0e-03
"JEANMARIE",1.0e-03
"JAYE",1.0e-03
"HANG",1.0e-03
"GRAYCE",1.0e-03
"GERTUDE",1.0e-03
"EMERITA",1.0e-03
"EBONIE",1.0e-03
"CLORINDA",1.0e-03
"CHING",1.0e-03
"CHERY",1.0e-03
"CAROLA",1.0e-03
"BREANN",1.0e-03
"BLOSSOM",1.0e-03
"BERNARDINE",1.0e-03
"BECKI",1.0e-03
"ARLETHA",1.0e-03
"ARGELIA",1.0e-03
"ARA",1.0e-03
"ALITA",1.0e-03
"YULANDA",1.0e-03
"YON",1.0e-03
"YESSENIA",1.0e-03
"TOBI",1.0e-03
"TASIA",1.0e-03
"SYLVIE",1.0e-03
"SHIRL",1.0e-03
"SHIRELY",1.0e-03
"SHERIDAN",1.0e-03
"SHELLA",1.0e-03
"SHANTELLE",1.0e-03
"SACHA",1.0e-03
"ROYCE",1.0e-03
"REBECKA",1.0e-03
"REAGAN",1.0e-03
"PROVIDENCIA",1.0e-03
"PAULENE",1.0e-03
"MISHA",1.0e-03
"MIKI",1.0e-03
"MARLINE",1.0e-03
"MARICA",1.0e-03
"LORITA",1.0e-03
"LATOYIA",1.0e-03
"LASONYA",1.0e-03
"KERSTIN",1.0e-03
"KENDA",1.0e-03
"KEITHA",1.0e-03
"KATHRIN",1.0e-03
"JAYMIE",1.0e-03
"JACK",1.0e-03
"GRICELDA",1.0e-03
"GINETTE",1.0e-03
"ERYN",1.0e-03
"ELINA",1.0e-03
"ELFRIEDA",1.0e-03
"DANYEL",1.0e-03
"CHEREE",1.0e-03
"CHANELLE",1.0e-03
"BARRIE",1.0e-03
"AVERY",1.0e-03
"AURORE",1.0e-03
"ANNAMARIA",1.0e-03
"ALLEEN",1.0e-03
"AILENE",1.0e-03
"AIDE",1.0e-03
"YASMINE",1.0e-03
"VASHTI",1.0e-03
"VALENTINE",1.0e-03
"TREASA",1.0e-03
"TORY",1.0e-03
"TIFFANEY",1.0e-03
"SHERYLL",1.0e-03
"SHARIE",1.0e-03
"SHANAE",1.0e-03
"SAU",1.0e-03
"RAISA",1.0e-03
"PA",1.0e-03
"NEDA",1.0e-03
"MITSUKO",1.0e-03
"MIRELLA",1.0e-03
"MILDA",1.0e-03
"MARYANNA",1.0e-03
"MARAGRET",1.0e-03
"MABELLE",1.0e-03
"LUETTA",1.0e-03
"LORINA",1.0e-03
"LETISHA",1.0e-03
"LATARSHA",1.0e-03
"LANELLE",1.0e-03
"LAJUANA",1.0e-03
"KRISSY",1.0e-03
"KARLY",1.0e-03
"KARENA",1.0e-03
"JON",1.0e-03
"JESSIKA",1.0e-03
"JERICA",1.0e-03
"JEANELLE",1.0e-03
"JANUARY",1.0e-03
"JALISA",1.0e-03
"JACELYN",1.0e-03
"IZOLA",1.0e-03
"IVEY",1.0e-03
"GREGORY",1.0e-03
"EUNA",1.0e-03
"ETHA",1.0e-03
"DREW",1.0e-03
"DOMITILA",1.0e-03
"DOMINICA",1.0e-03
"DAINA",1.0e-03
"CREOLA",1.0e-03
"CARLI",1.0e-03
"CAMIE",1.0e-03
"BUNNY",1.0e-03
"BRITTNY",1.0e-03
"ASHANTI",1.0e-03
"ANISHA",1.0e-03
"ALEEN",1.0e-03
"ADAH",1.0e-03
"YASUKO",1.0e-03
"WINTER",1.0e-03
"VIKI",1.0e-03
"VALRIE",1.0e-03
"TONA",1.0e-03
"TINISHA",1.0e-03
"THI",1.0e-03
"TERISA",1.0e-03
"TATUM",1.0e-03
"TANEKA",1.0e-03
"SIMONNE",1.0e-03
"SHALANDA",1.0e-03
"SERITA",1.0e-03
"RESSIE",1.0e-03
"REFUGIA",1.0e-03
"PAZ",1.0e-03
"OLENE",1.0e-03
"NA",1.0e-03
"MERRILL",1.0e-03
"MARGHERITA",1.0e-03
"MANDIE",1.0e-03
"MAN",1.0e-03
"MAIRE",1.0e-03
"LYNDIA",1.0e-03
"LUCI",1.0e-03
"LORRIANE",1.0e-03
"LORETA",1.0e-03
"LEONIA",1.0e-03
"LAVONA",1.0e-03
"LASHAWNDA",1.0e-03
"LAKIA",1.0e-03
"KYOKO",1.0e-03
"KRYSTINA",1.0e-03
"KRYSTEN",1.0e-03
"KENIA",1.0e-03
"KELSI",1.0e-03
"JUDE",1.0e-03
"JEANICE",1.0e-03
"ISOBEL",1.0e-03
"GEORGIANN",1.0e-03
"GENNY",1.0e-03
"FELICIDAD",1.0e-03
"EILENE",1.0e-03
"DEON",1.0e-03
"DELOISE",1.0e-03
"DEEDEE",1.0e-03
"DANNIE",1.0e-03
"CONCEPTION",1.0e-03
"CLORA",1.0e-03
"CHERILYN",1.0e-03
"CHANG",1.0e-03
"CALANDRA",1.0e-03
"BERRY",1.0e-03
"ARMANDINA",1.0e-03
"ANISA",1.0e-03
"ULA",1.0e-03
"TIMOTHY",1.0e-03
"TIERA",1.0e-03
"THERESSA",1.0e-03
"STEPHANIA",1.0e-03
"SIMA",1.0e-03
"SHYLA",1.0e-03
"SHONTA",1.0e-03
"SHERA",1.0e-03
"SHAQUITA",1.0e-03
"SHALA",1.0e-03
"SAMMY",1.0e-03
"ROSSANA",1.0e-03
"NOHEMI",1.0e-03
"NERY",1.0e-03
"MORIAH",1.0e-03
"MELITA",1.0e-03
"MELIDA",1.0e-03
"MELANI",1.0e-03
"MARYLYNN",1.0e-03
"MARISHA",1.0e-03
"MARIETTE",1.0e-03
"MALORIE",1.0e-03
"MADELENE",1.0e-03
"LUDIVINA",1.0e-03
"LORIA",1.0e-03
"LORETTE",1.0e-03
"LORALEE",1.0e-03
"LIANNE",1.0e-03
"LEON",1.0e-03
"LAVENIA",1.0e-03
"LAURINDA",1.0e-03
"LASHON",1.0e-03
"KIT",1.0e-03
"KIMI",1.0e-03
"KEILA",1.0e-03
"KATELYNN",1.0e-03
"KAI",1.0e-03
"JONE",1.0e-03
"JOANE",1.0e-03
"JI",1.0e-03
"JAYNA",1.0e-03
"JANELLA",1.0e-03
"JA",1.0e-03
"HUE",1.0e-03
"HERTHA",1.0e-03
"FRANCENE",1.0e-03
"ELINORE",1.0e-03
"DESPINA",1.0e-03
"DELSIE",1.0e-03
"DEEDRA",1.0e-03
"CLEMENCIA",1.0e-03
"CARRY",1.0e-03
"CAROLIN",1.0e-03
"CARLOS",1.0e-03
"BULAH",1.0e-03
"BRITTANIE",1.0e-03
"BOK",1.0e-03
"BLONDELL",1.0e-03
"BIBI",1.0e-03
"BEAULAH",1.0e-03
"BEATA",1.0e-03
"ANNITA",1.0e-03
"AGRIPINA",1.0e-03
"VIRGEN",1.0e-03
"VALENE",1.0e-03
"UN",1.0e-03
"TWANDA",1.0e-03
"TOMMYE",1.0e-03
"TOI",1.0e-03
"TARRA",1.0e-03
"TARI",1.0e-03
"TAMMERA",1.0e-03
"SHAKIA",1.0e-03
"SADYE",1.0e-03
"RUTHANNE",1.0e-03
"ROCHEL",1.0e-03
"RIVKA",1.0e-03
"PURA",1.0e-03
"NENITA",1.0e-03
"NATISHA",1.0e-03
"MING",1.0e-03
"MERRILEE",1.0e-03
"MELODEE",1.0e-03
"MARVIS",1.0e-03
"LUCILLA",1.0e-03
"LEENA",1.0e-03
"LAVETA",1.0e-03
"LARITA",1.0e-03
"LANIE",1.0e-03
"KEREN",1.0e-03
"ILEEN",1.0e-03
"GEORGEANN",1.0e-03
"GENNA",1.0e-03
"GENESIS",1.0e-03
"FRIDA",1.0e-03
"EWA",1.0e-03
"EUFEMIA",1.0e-03
"EMELY",1.0e-03
"ELA",1.0e-03
"EDYTH",1.0e-03
"DEONNA",1.0e-03
"DEADRA",1.0e-03
"DARLENA",1.0e-03
"CHANELL",1.0e-03
"CHAN",1.0e-03
"CATHERN",1.0e-03
"CASSONDRA",1.0e-03
"CASSAUNDRA",1.0e-03
"BERNARDA",1.0e-03
"BERNA",1.0e-03
"ARLINDA",1.0e-03
"ANAMARIA",1.0e-03
"ALBERT",1.0e-03
"WESLEY",1.0e-03
"VERTIE",1.0e-03
"VALERI",1.0e-03
"TORRI",1.0e-03
"TATYANA",1.0e-03
"STASIA",1.0e-03
"SHERISE",1.0e-03
"SHERILL",1.0e-03
"SEASON",1.0e-03
"SCOTTIE",1.0e-03
"SANDA",1.0e-03
"RUTHE",1.0e-03
"ROSY",1.0e-03
"ROBERTO",1.0e-03
"ROBBI",1.0e-03
"RANEE",1.0e-03
"QUYEN",1.0e-03
"PEARLY",1.0e-03
"PALMIRA",1.0e-03
"ONITA",1.0e-03
"NISHA",1.0e-03
"NIESHA",1.0e-03
"NIDA",1.0e-03
"NEVADA",1.0e-03
"NAM",1.0e-03
"MERLYN",1.0e-03
"MAYOLA",1.0e-03
"MARYLOUISE",1.0e-03
"MARYLAND",1.0e-03
"MARX",1.0e-03
"MARTH",1.0e-03
"MARGENE",1.0e-03
"MADELAINE",1.0e-03
"LONDA",1.0e-03
"LEONTINE",1.0e-03
"LEOMA",1.0e-03
"LEIA",1.0e-03
"LAWRENCE",1.0e-03
"LAURALEE",1.0e-03
"LANORA",1.0e-03
"LAKITA",1.0e-03
"KIYOKO",1.0e-03
"KETURAH",1.0e-03
"KATELIN",1.0e-03
"KAREEN",1.0e-03
"JONIE",1.0e-03
"JOHNETTE",1.0e-03
"JENEE",1.0e-03
"JEANETT",1.0e-03
"IZETTA",1.0e-03
"HIEDI",1.0e-03
"HEIKE",1.0e-03
"HASSIE",1.0e-03
"HAROLD",1.0e-03
"GIUSEPPINA",1.0e-03
"GEORGANN",1.0e-03
"FIDELA",1.0e-03
"FERNANDE",1.0e-03
"ELWANDA",1.0e-03
"ELLAMAE",1.0e-03
"ELIZ",1.0e-03
"DUSTI",1.0e-03
"DOTTY",1.0e-03
"CYNDY",1.0e-03
"CORALIE",1.0e-03
"CELESTA",1.0e-03
"ARGENTINA",1.0e-03
"ALVERTA",1.0e-03
"XENIA",1.0e-03
"WAVA",1.0e-03
"VANETTA",1.0e-03
"TORRIE",1.0e-03
"TASHINA",1.0e-03
"TANDY",1.0e-03
"TAMBRA",1.0e-03
"TAMA",1.0e-03
"STEPANIE",1.0e-03
"SHILA",1.0e-03
"SHAUNTA",1.0e-03
"SHARAN",1.0e-03
"SHANIQUA",1.0e-03
"SHAE",1.0e-03
"SETSUKO",1.0e-03
"SERAFINA",1.0e-03
"SANDEE",1.0e-03
"ROSAMARIA",1.0e-03
"PRISCILA",1.0e-03
"OLINDA",1.0e-03
"NADENE",1.0e-03
"MUOI",1.0e-03
"MICHELINA",1.0e-03
"MERCEDEZ",1.0e-03
"MARYROSE",1.0e-03
"MARIN",1.0e-03
"MARCENE",1.0e-03
"MAO",1.0e-03
"MAGALI",1.0e-03
"MAFALDA",1.0e-03
"LOGAN",1.0e-03
"LINN",1.0e-03
"LANNIE",1.0e-03
"KAYCE",1.0e-03
"KAROLINE",1.0e-03
"KAMILAH",1.0e-03
"KAMALA",1.0e-03
"JUSTA",1.0e-03
"JOLINE",1.0e-03
"JENNINE",1.0e-03
"JACQUETTA",1.0e-03
"IRAIDA",1.0e-03
"GERALD",1.0e-03
"GEORGEANNA",1.0e-03
"FRANCHESCA",1.0e-03
"FAIRY",1.0e-03
"EMELINE",1.0e-03
"ELANE",1.0e-03
"EHTEL",1.0e-03
"EARLIE",1.0e-03
"DULCIE",1.0e-03
"DALENE",1.0e-03
"CRIS",1.0e-03
"CLASSIE",1.0e-03
"CHERE",1.0e-03
"CHARIS",1.0e-03
"CAROYLN",1.0e-03
"CARMINA",1.0e-03
"CARITA",1.0e-03
"BRIAN",1.0e-03
"BETHANIE",1.0e-03
"AYAKO",1.0e-03
"ARICA",1.0e-03
"AN",1.0e-03
"ALYSA",1.0e-03
"ALESSANDRA",1.0e-03
"AKILAH",1.0e-03
"ADRIEN",1.0e-03
"ZETTA",1.0e-03
"YOULANDA",1.0e-03
"YELENA",1.0e-03
"YAHAIRA",1.0e-03
"XUAN",1.0e-03
"WENDOLYN",1.0e-03
"VICTOR",1.0e-03
"TIJUANA",1.0e-03
"TERRELL",1.0e-03
"TERINA",1.0e-03
"TERESIA",1.0e-03
"SUZI",1.0e-03
"SUNDAY",1.0e-03
"SHERELL",1.0e-03
"SHAVONDA",1.0e-03
"SHAUNTE",1.0e-03
"SHARDA",1.0e-03
"SHAKITA",1.0e-03
"SENA",1.0e-03
"RYANN",1.0e-03
"RUBI",1.0e-03
"RIVA",1.0e-03
"REGINIA",1.0e-03
"REA",1.0e-03
"RACHAL",1.0e-03
"PARTHENIA",1.0e-03
"PAMULA",1.0e-03
"MONNIE",1.0e-03
"MONET",1.0e-03
"MICHAELE",1.0e-03
"MELIA",1.0e-03
"MARINE",1.0e-03
"MALKA",1.0e-03
"MAISHA",1.0e-03
"LISANDRA",1.0e-03
"LEO",1.0e-03
"LEKISHA",1.0e-03
"LEAN",1.0e-03
"LAURENCE",1.0e-03
"LAKENDRA",1.0e-03
"KRYSTIN",1.0e-03
"KORTNEY",1.0e-03
"KIZZIE",1.0e-03
"KITTIE",1.0e-03
"KERA",1.0e-03
"KENDAL",1.0e-03
"KEMBERLY",1.0e-03
"KANISHA",1.0e-03
"JULENE",1.0e-03
"JULE",1.0e-03
"JOSHUA",1.0e-03
"JOHANNE",1.0e-03
"JEFFREY",1.0e-03
"JAMEE",1.0e-03
"HAN",1.0e-03
"HALLEY",1.0e-03
"GIDGET",1.0e-03
"GALINA",1.0e-03
"FREDRICKA",1.0e-03
"FLETA",1.0e-03
"FATIMAH",1.0e-03
"EUSEBIA",1.0e-03
"ELZA",1.0e-03
"ELEONORE",1.0e-03
"DORTHEY",1.0e-03
"DORIA",1.0e-03
"DONELLA",1.0e-03
"DINORAH",1.0e-03
"DELORSE",1.0e-03
"CLARETHA",1.0e-03
"CHRISTINIA",1.0e-03
"CHARLYN",1.0e-03
"BONG",1.0e-03
"BELKIS",1.0e-03
"AZZIE",1.0e-03
"ANDERA",1.0e-03
"AIKO",1.0e-03
"ADENA",1.0e-03
"YER",1.0e-03
"YAJAIRA",1.0e-03
"WAN",1.0e-03
"VANIA",1.0e-03
"ULRIKE",1.0e-03
"TOSHIA",1.0e-03
"TIFANY",1.0e-03
"STEFANY",1.0e-03
"SHIZUE",1.0e-03
"SHENIKA",1.0e-03
"SHAWANNA",1.0e-03
"SHAROLYN",1.0e-03
"SHARILYN",1.0e-03
"SHAQUANA",1.0e-03
"SHANTAY",1.0e-03
"SEE",1.0e-03
"ROZANNE",1.0e-03
"ROSELEE",1.0e-03
"RICKIE",1.0e-03
"REMONA",1.0e-03
"REANNA",1.0e-03
"RAELENE",1.0e-03
"QUINN",1.0e-03
"PHUNG",1.0e-03
"PETRONILA",1.0e-03
"NATACHA",1.0e-03
"NANCEY",1.0e-03
"MYRL",1.0e-03
"MIYOKO",1.0e-03
"MIESHA",1.0e-03
"MERIDETH",1.0e-03
"MARVELLA",1.0e-03
"MARQUITTA",1.0e-03
"MARHTA",1.0e-03
"MARCHELLE",1.0e-03
"LIZETH",1.0e-03
"LIBBIE",1.0e-03
"LAHOMA",1.0e-03
"LADAWN",1.0e-03
"KINA",1.0e-03
"KATHELEEN",1.0e-03
"KATHARYN",1.0e-03
"KARISA",1.0e-03
"KALEIGH",1.0e-03
"JUNIE",1.0e-03
"JULIEANN",1.0e-03
"JOHNSIE",1.0e-03
"JANEAN",1.0e-03
"JAIMEE",1.0e-03
"JACKQUELINE",1.0e-03
"HISAKO",1.0e-03
"HERMA",1.0e-03
"HELAINE",1.0e-03
"GWYNETH",1.0e-03
"GLENN",1.0e-03
"GITA",1.0e-03
"EUSTOLIA",1.0e-03
"EMELINA",1.0e-03
"ELIN",1.0e-03
"EDRIS",1.0e-03
"DONNETTE",1.0e-03
"DONNETTA",1.0e-03
"DIERDRE",1.0e-03
"DENAE",1.0e-03
"DARCEL",1.0e-03
"CLAUDE",1.0e-03
"CLARISA",1.0e-03
"CINDERELLA",1.0e-03
"CHIA",1.0e-03
"CHARLESETTA",1.0e-03
"CHARITA",1.0e-03
"CELSA",1.0e-03
"CASSY",1.0e-03
"CASSI",1.0e-03
"CARLEE",1.0e-03
"BRUNA",1.0e-03
"BRITTANEY",1.0e-03
"BRANDE",1.0e-03
"BILLI",1.0e-03
"BAO",1.0e-03
"ANTONETTA",1.0e-03
"ANGLA",1.0e-03
"ANGELYN",1.0e-03
"ANALISA",1.0e-03
"ALANE",1.0e-03
"WENONA",1.0e-03
"WENDIE",1.0e-03
"VERONIQUE",1.0e-03
"VANNESA",1.0e-03
"TOBIE",1.0e-03
"TEMPIE",1.0e-03
"SUMIKO",1.0e-03
"SULEMA",1.0e-03
"SPARKLE",1.0e-03
"SOMER",1.0e-03
"SHEBA",1.0e-03
"SHAYNE",1.0e-03
"SHARICE",1.0e-03
"SHANEL",1.0e-03
"SHALON",1.0e-03
"SAGE",1.0e-03
"ROY",1.0e-03
"ROSIO",1.0e-03
"ROSELIA",1.0e-03
"RENAY",1.0e-03
"REMA",1.0e-03
"REENA",1.0e-03
"PORSCHE",1.0e-03
"PING",1.0e-03
"PEG",1.0e-03
"OZIE",1.0e-03
"ORETHA",1.0e-03
"ORALEE",1.0e-03
"ODA",1.0e-03
"NU",1.0e-03
"NGAN",1.0e-03
"NAKESHA",1.0e-03
"MILLY",1.0e-03
"MARYBELLE",1.0e-03
"MARLIN",1.0e-03
"MARIS",1.0e-03
"MARGRETT",1.0e-03
"MARAGARET",1.0e-03
"MANIE",1.0e-03
"LURLENE",1.0e-03
"LILLIA",1.0e-03
"LIESELOTTE",1.0e-03
"LAVELLE",1.0e-03
"LASHAUNDA",1.0e-03
"LAKEESHA",1.0e-03
"KEITH",1.0e-03
"KAYCEE",1.0e-03
"KALYN",1.0e-03
"JOYA",1.0e-03
"JOETTE",1.0e-03
"JENAE",1.0e-03
"JANIECE",1.0e-03
"ILLA",1.0e-03
"GRISEL",1.0e-03
"GLAYDS",1.0e-03
"GENEVIE",1.0e-03
"GALA",1.0e-03
"FREDDA",1.0e-03
"FRED",1.0e-03
"ELMER",1.0e-03
"ELEONOR",1.0e-03
"DEBERA",1.0e-03
"DEANDREA",1.0e-03
"DAN",1.0e-03
"CORRINNE",1.0e-03
"CORDIA",1.0e-03
"CONTESSA",1.0e-03
"COLENE",1.0e-03
"CLEOTILDE",1.0e-03
"CHARLOTT",1.0e-03
"CHANTAY",1.0e-03
"CECILLE",1.0e-03
"BEATRIS",1.0e-03
"AZALEE",1.0e-03
"ARLEAN",1.0e-03
"ARDATH",1.0e-03
"ANJELICA",1.0e-03
"ANJA",1.0e-03
"ALFREDIA",1.0e-03
"ALEISHA",1.0e-03
"ADAM",1.0e-03
"ZADA",1.0e-03
"YUONNE",1.0e-03
"XIAO",1.0e-03
"WILLODEAN",1.0e-03
"WHITLEY",1.0e-03
"VENNIE",1.0e-03
"VANNA",1.0e-03
"TYISHA",1.0e-03
"TOVA",1.0e-03
"TORIE",1.0e-03
"TONISHA",1.0e-03
"TILDA",1.0e-03
"TIEN",1.0e-03
"TEMPLE",1.0e-03
"SIRENA",1.0e-03
"SHERRIL",1.0e-03
"SHANTI",1.0e-03
"SHAN",1.0e-03
"SENAIDA",1.0e-03
"SAMELLA",1.0e-03
"ROBBYN",1.0e-03
"RENDA",1.0e-03
"REITA",1.0e-03
"PHEBE",1.0e-03
"PAULITA",1.0e-03
"NOBUKO",1.0e-03
"NGUYET",1.0e-03
"NEOMI",1.0e-03
"MOON",1.0e-03
"MIKAELA",1.0e-03
"MELANIA",1.0e-03
"MAXIMINA",1.0e-03
"MARG",1.0e-03
"MAISIE",1.0e-03
"LYNNA",1.0e-03
"LILLI",1.0e-03
"LAYNE",1.0e-03
"LASHAUN",1.0e-03
"LAKENYA",1.0e-03
"LAEL",1.0e-03
"KIRSTIE",1.0e-03
"KATHLINE",1.0e-03
"KASHA",1.0e-03
"KARLYN",1.0e-03
"KARIMA",1.0e-03
"JOVAN",1.0e-03
"JOSEFINE",1.0e-03
"JENNELL",1.0e-03
"JACQUI",1.0e-03
"JACKELYN",1.0e-03
"HYO",1.0e-03
"HIEN",1.0e-03
"GRAZYNA",1.0e-03
"FLORRIE",1.0e-03
"FLORIA",1.0e-03
"ELEONORA",1.0e-03
"DWANA",1.0e-03
"DORLA",1.0e-03
"DONG",1.0e-03
"DELMY",1.0e-03
"DEJA",1.0e-03
"DEDE",1.0e-03
"DANN",1.0e-03
"CRYSTA",1.0e-03
"CLELIA",1.0e-03
"CLARIS",1.0e-03
"CLARENCE",1.0e-03
"CHIEKO",1.0e-03
"CHERLYN",1.0e-03
"CHERELLE",1.0e-03
"CHARMAIN",1.0e-03
"CHARA",1.0e-03
"CAMMY",1.0e-03
"BEE",1.0e-03
"ARNETTE",1.0e-03
"ARDELLE",1.0e-03
"ANNIKA",1.0e-03
"AMIEE",1.0e-03
"AMEE",1.0e-03
"ALLENA",1.0e-03
"YVONE",1.0e-03
"YUKI",1.0e-03
"YOSHIE",1.0e-03
"YEVETTE",1.0e-03
"YAEL",1.0e-03
"WILLETTA",1.0e-03
"VONCILE",1.0e-03
"VENETTA",1.0e-03
"TULA",1.0e-03
"TONETTE",1.0e-03
"TIMIKA",1.0e-03
"TEMIKA",1.0e-03
"TELMA",1.0e-03
"TEISHA",1.0e-03
"TAREN",1.0e-03
"TA",1.0e-03
"STACEE",1.0e-03
"SHIN",1.0e-03
"SHAWNTA",1.0e-03
"SATURNINA",1.0e-03
"RICARDA",1.0e-03
"POK",1.0e-03
"PASTY",1.0e-03
"ONIE",1.0e-03
"NUBIA",1.0e-03
"MORA",1.0e-03
"MIKE",1.0e-03
"MARIELLE",1.0e-03
"MARIELLA",1.0e-03
"MARIANELA",1.0e-03
"MARDELL",1.0e-03
"MANY",1.0e-03
"LUANNA",1.0e-03
"LOISE",1.0e-03
"LISABETH",1.0e-03
"LINDSY",1.0e-03
"LILLIANA",1.0e-03
"LILLIAM",1.0e-03
"LELAH",1.0e-03
"LEIGHA",1.0e-03
"LEANORA",1.0e-03
"LANG",1.0e-03
"KRISTEEN",1.0e-03
"KHALILAH",1.0e-03
"KEELEY",1.0e-03
"KANDRA",1.0e-03
"JUNKO",1.0e-03
"JOAQUINA",1.0e-03
"JERLENE",1.0e-03
"JANI",1.0e-03
"JAMIKA",1.0e-03
"JAME",1.0e-03
"HSIU",1.0e-03
"HERMILA",1.0e-03
"GOLDEN",1.0e-03
"GENEVIVE",1.0e-03
"EVIA",1.0e-03
"EUGENA",1.0e-03
"EMMALINE",1.0e-03
"ELFREDA",1.0e-03
"ELENE",1.0e-03
"DONETTE",1.0e-03
"DELCIE",1.0e-03
"DEEANNA",1.0e-03
"DARCEY",1.0e-03
"CUC",1.0e-03
"CLARINDA",1.0e-03
"CIRA",1.0e-03
"CHAE",1.0e-03
"CELINDA",1.0e-03
"CATHERYN",1.0e-03
"CATHERIN",1.0e-03
"CASIMIRA",1.0e-03
"CARMELIA",1.0e-03
"CAMELLIA",1.0e-03
"BREANA",1.0e-03
"BOBETTE",1.0e-03
"BERNARDINA",1.0e-03
"BEBE",1.0e-03
"BASILIA",1.0e-03
"ARLYNE",1.0e-03
"AMAL",1.0e-03
"ALAYNA",1.0e-03
"ZONIA",1.0e-03
"ZENIA",1.0e-03
"YURIKO",1.0e-03
"YAEKO",1.0e-03
"WYNELL",1.0e-03
"WILLOW",1.0e-03
"WILLENA",1.0e-03
"VERNIA",1.0e-03
"TU",1.0e-03
"TRAVIS",1.0e-03
"TORA",1.0e-03
"TERRILYN",1.0e-03
"TERICA",1.0e-03
"TENESHA",1.0e-03
"TAWNA",1.0e-03
"TAJUANA",1.0e-03
"TAINA",1.0e-03
"STEPHNIE",1.0e-03
"SONA",1.0e-03
"SOL",1.0e-03
"SINA",1.0e-03
"SHONDRA",1.0e-03
"SHIZUKO",1.0e-03
"SHERLENE",1.0e-03
"SHERICE",1.0e-03
"SHARIKA",1.0e-03
"ROSSIE",1.0e-03
"ROSENA",1.0e-03
"RORY",1.0e-03
"RIMA",1.0e-03
"RIA",1.0e-03
"RHEBA",1.0e-03
"RENNA",1.0e-03
"PETER",1.0e-03
"NATALYA",1.0e-03
"NANCEE",1.0e-03
"MELODI",1.0e-03
"MEDA",1.0e-03
"MAXIMA",1.0e-03
"MATHA",1.0e-03
"MARKETTA",1.0e-03
"MARICRUZ",1.0e-03
"MARCELENE",1.0e-03
"MALVINA",1.0e-03
"LUBA",1.0e-03
"LOUETTA",1.0e-03
"LEIDA",1.0e-03
"LECIA",1.0e-03
"LAURAN",1.0e-03
"LASHAWNA",1.0e-03
"LAINE",1.0e-03
"KHADIJAH",1.0e-03
"KATERINE",1.0e-03
"KASI",1.0e-03
"KALLIE",1.0e-03
"JULIETTA",1.0e-03
"JESUSITA",1.0e-03
"JESTINE",1.0e-03
"JESSIA",1.0e-03
"JEREMY",1.0e-03
"JEFFIE",1.0e-03
"JANYCE",1.0e-03
"ISADORA",1.0e-03
"GEORGIANNE",1.0e-03
"FIDELIA",1.0e-03
"EVITA",1.0e-03
"EURA",1.0e-03
"EULAH",1.0e-03
"ESTEFANA",1.0e-03
"ELSY",1.0e-03
"ELIZABET",1.0e-03
"ELADIA",1.0e-03
"DODIE",1.0e-03
"DION",1.0e-03
"DIA",1.0e-03
"DENISSE",1.0e-03
"DELORAS",1.0e-03
"DELILA",1.0e-03
"DAYSI",1.0e-03
"DAKOTA",1.0e-03
"CURTIS",1.0e-03
"CRYSTLE",1.0e-03
"CONCHA",1.0e-03
"COLBY",1.0e-03
"CLARETTA",1.0e-03
"CHU",1.0e-03
"CHRISTIA",1.0e-03
"CHARLSIE",1.0e-03
"CHARLENA",1.0e-03
"CARYLON",1.0e-03
"BETTYANN",1.0e-03
"ASLEY",1.0e-03
"ASHLEA",1.0e-03
"AMIRA",1.0e-03
"AI",1.0e-03
"AGUEDA",1.0e-03
"AGNUS",1.0e-03
"YUETTE",1.0e-03
"VINITA",1.0e-03
"VICTORINA",1.0e-03
"TYNISHA",1.0e-03
"TREENA",1.0e-03
"TOCCARA",1.0e-03
"TISH",1.0e-03
"THOMASENA",1.0e-03
"TEGAN",1.0e-03
"SOILA",1.0e-03
"SHILOH",1.0e-03
"SHENNA",1.0e-03
"SHARMAINE",1.0e-03
"SHANTAE",1.0e-03
"SHANDI",1.0e-03
"SEPTEMBER",1.0e-03
"SARAN",1.0e-03
"SARAI",1.0e-03
"SANA",1.0e-03
"SAMUEL",1.0e-03
"SALLEY",1.0e-03
"ROSETTE",1.0e-03
"ROLANDE",1.0e-03
"REGINE",1.0e-03
"OTELIA",1.0e-03
"OSCAR",1.0e-03
"OLEVIA",1.0e-03
"NICHOLLE",1.0e-03
"NECOLE",1.0e-03
"NAIDA",1.0e-03
"MYRTA",1.0e-03
"MYESHA",1.0e-03
"MITSUE",1.0e-03
"MINTA",1.0e-03
"MERTIE",1.0e-03
"MARGY",1.0e-03
"MAHALIA",1.0e-03
"MADALENE",1.0e-03
"LOVE",1.0e-03
"LOURA",1.0e-03
"LOREAN",1.0e-03
"LEWIS",1.0e-03
"LESHA",1.0e-03
"LEONIDA",1.0e-03
"LENITA",1.0e-03
"LAVONE",1.0e-03
"LASHELL",1.0e-03
"LASHANDRA",1.0e-03
"LAMONICA",1.0e-03
"KIMBRA",1.0e-03
"KATHERINA",1.0e-03
"KARRY",1.0e-03
"KANESHA",1.0e-03
"JULIO",1.0e-03
"JONG",1.0e-03
"JENEVA",1.0e-03
"JAQUELYN",1.0e-03
"HWA",1.0e-03
"GILMA",1.0e-03
"GHISLAINE",1.0e-03
"GERTRUDIS",1.0e-03
"FRANSISCA",1.0e-03
"FERMINA",1.0e-03
"ETTIE",1.0e-03
"ETSUKO",1.0e-03
"ELLIS",1.0e-03
"ELLAN",1.0e-03
"ELIDIA",1.0e-03
"EDRA",1.0e-03
"DORETHEA",1.0e-03
"DOREATHA",1.0e-03
"DENYSE",1.0e-03
"DENNY",1.0e-03
"DEETTA",1.0e-03
"DAINE",1.0e-03
"CYRSTAL",1.0e-03
"CORRIN",1.0e-03
"CAYLA",1.0e-03
"CARLITA",1.0e-03
"CAMILA",1.0e-03
"BURMA",1.0e-03
"BULA",1.0e-03
"BUENA",1.0e-03
"BLAKE",1.0e-03
"BARABARA",1.0e-03
"AVRIL",1.0e-03
"AUSTIN",1.0e-03
"ALAINE",1.0e-03
"ZANA",1.0e-03
"WILHEMINA",1.0e-03
"WANETTA",1.0e-03
"VIRGIL",1.0e-03
"VI",1.0e-03
"VERONIKA",1.0e-03
"VERNON",1.0e-03
"VERLINE",1.0e-03
"VASILIKI",1.0e-03
"TONITA",1.0e-03
"TISA",1.0e-03
"TEOFILA",1.0e-03
"TAYNA",1.0e-03
"TAUNYA",1.0e-03
"TANDRA",1.0e-03
"TAKAKO",1.0e-03
"SUNNI",1.0e-03
"SUANNE",1.0e-03
"SIXTA",1.0e-03
"SHARELL",1.0e-03
"SEEMA",1.0e-03
"RUSSELL",1.0e-03
"ROSENDA",1.0e-03
"ROBENA",1.0e-03
"RAYMONDE",1.0e-03
"PEI",1.0e-03
"PAMILA",1.0e-03
"OZELL",1.0e-03
"NEIDA",1.0e-03
"NEELY",1.0e-03
"MISTIE",1.0e-03
"MICHA",1.0e-03
"MERISSA",1.0e-03
"MAURITA",1.0e-03
"MARYLN",1.0e-03
"MARYETTA",1.0e-03
"MARSHALL",1.0e-03
"MARCELL",1.0e-03
"MALENA",1.0e-03
"MAKEDA",1.0e-03
"MADDIE",1.0e-03
"LOVETTA",1.0e-03
"LOURIE",1.0e-03
"LORRINE",1.0e-03
"LORILEE",1.0e-03
"LESTER",1.0e-03
"LAURENA",1.0e-03
"LASHAY",1.0e-03
"LARRAINE",1.0e-03
"LAREE",1.0e-03
"LACRESHA",1.0e-03
"KRISTLE",1.0e-03
"KRISHNA",1.0e-03
"KEVA",1.0e-03
"KEIRA",1.0e-03
"KAROLE",1.0e-03
"JOIE",1.0e-03
"JINNY",1.0e-03
"JEANNETTA",1.0e-03
"JAMA",1.0e-03
"HEIDY",1.0e-03
"GILBERTE",1.0e-03
"GEMA",1.0e-03
"FAVIOLA",1.0e-03
"EVELYNN",1.0e-03
"ENDA",1.0e-03
"ELLI",1.0e-03
"ELLENA",1.0e-03
"DIVINA",1.0e-03
"DAGNY",1.0e-03
"COLLENE",1.0e-03
"CODI",1.0e-03
"CINDIE",1.0e-03
"CHASSIDY",1.0e-03
"CHASIDY",1.0e-03
"CATRICE",1.0e-03
"CATHERINA",1.0e-03
"CASSEY",1.0e-03
"CAROLL",1.0e-03
"CARLENA",1.0e-03
"CANDRA",1.0e-03
"CALISTA",1.0e-03
"BRYANNA",1.0e-03
"BRITTENY",1.0e-03
"BEULA",1.0e-03
"BARI",1.0e-03
"AUDRIE",1.0e-03
"AUDRIA",1.0e-03
"ARDELIA",1.0e-03
"ANNELLE",1.0e-03
"ANGILA",1.0e-03
"ALONA",1.0e-03
"ALLYN",1.0e-03
